id,timestamp,release_name,release_id,is_prerelease,total_downloads
9b52bcdf-c018-4552-b098-927249555104,2024-08-12T12:14:02.667441,sapmachine-24+10,169601134,True,296
d91cf60f-d760-4041-afe3-6d198a0266df,2024-08-12T12:14:02.667441,sapmachine-23+36,169601204,True,289
d888ac73-2b62-44ad-9f97-622d276fb3ad,2024-08-12T12:14:02.667441,sapmachine-21.0.5+2,169431059,True,420
74244135-364d-4cef-96ac-fffbef7c4f84,2024-08-12T12:14:02.667441,sapmachine-17.0.13+2,169430595,True,402
af9bbd3d-ade6-4d88-8b19-cbcca5db13f8,2024-08-12T12:14:02.667441,sapmachine-11.0.25+2,169431114,True,334
0b18a891-3021-4054-ac42-b5009bfe958e,2024-08-12T12:14:02.667441,sapmachine-11.0.25+1,168808201,True,536
bfc5c13f-8641-4cba-ad35-c973ab496b1a,2024-08-12T12:14:02.667441,sapmachine-24+9,168575169,True,916
8e43796a-775f-47b1-b7b0-531c74b78466,2024-08-12T12:14:02.667441,sapmachine-23+35,168575203,True,944
bde6dac4-a6a8-4162-910a-d6c5eaf73459,2024-08-12T12:14:02.667441,sapmachine-21.0.5+1,168575426,True,956
e939abd4-c5a6-4d50-b885-defbab185b6b,2024-08-12T12:14:02.667441,sapmachine-17.0.13+1,168575678,True,916
353494ab-affd-4143-80cb-a144b6d68da1,2024-08-12T12:14:02.667441,sapmachine-24+8,167952202,True,1252
cb6d7285-6a1c-4b01-98fc-9a4bae8e7e77,2024-08-12T12:14:02.667441,sapmachine-23+34,167952355,True,1248
1b3033af-a064-4e68-bc73-3b8899ffceb6,2024-08-12T12:14:02.667441,sapmachine-24+7,166809448,True,1994
1a385af0-c838-4fa9-80f7-a4172da5b1f8,2024-08-12T12:14:02.667441,sapmachine-23+33,166809531,True,1993
dd30d896-8c54-491d-81bc-0671773743d7,2024-08-12T12:14:02.667441,sapmachine-23+32,166609234,True,2079
19b16ef1-65b6-46c1-b604-00d848d0dbff,2024-08-12T12:14:02.667441,sapmachine-22.0.2,165779086,False,7063
0bb0a6a8-bf12-40c3-856a-8285a624bd78,2024-08-12T12:14:02.667441,sapmachine-21.0.4,165793530,False,21543
d33c978c-6289-4f59-91d5-28e33c6e04c1,2024-08-12T12:14:02.667441,sapmachine-11.0.24,165799800,False,11128
f931c1f9-824c-4eda-b1fd-85ef4fdabf90,2024-08-12T12:14:02.667441,sapmachine-24+6,165548208,True,2593
4b35a52b-2ea7-4734-88cc-ca41c83b0679,2024-08-12T12:14:02.667441,sapmachine-23+31,165548348,True,2537
45b373ec-9882-4cd8-9d0a-73cc62e2f854,2024-08-12T12:14:02.667441,sapmachine-22.0.2+9,165806907,True,2402
df624d89-e917-44e0-80df-046b2b380db0,2024-08-12T12:14:02.667441,sapmachine-21.0.4+7,165810037,True,2487
a81318c5-1398-47fd-b34f-bd115776fde6,2024-08-12T12:14:02.667441,sapmachine-11.0.24+8,165806343,True,1931
51bac50a-47cd-473a-999a-54aa3932c82b,2024-08-12T12:14:02.667441,sapmachine-17.0.12,165795102,False,65955
b31aee55-bf0e-421e-af39-adda205ede9f,2024-08-12T12:14:02.667441,sapmachine-17.0.12+7,165805016,True,2655
5aaed085-69d1-4210-a7d5-7a752695c0e6,2024-08-12T12:14:02.667441,sapmachine-24+5,164516137,True,3103
01da9c82-3b24-435d-a82e-f46090c12b4f,2024-08-12T12:14:02.667441,sapmachine-21.0.4+6,164517339,True,3102
f2a0a092-32cc-48ae-b8c3-bca2dafaf44a,2024-08-12T12:14:02.667441,sapmachine-17.0.12+6,164517934,True,2872
3fe22fd0-4871-489b-a3b3-7668c4aa71e2,2024-08-12T12:14:02.667441,sapmachine-23+30,164229558,True,3425
2348056a-ebcc-4cc6-bb29-1daf353510bd,2024-08-12T12:14:02.667441,sapmachine-24+4,163701555,True,3737
ef7e75f7-ee74-4a0a-b3b9-a766d78f432a,2024-08-12T12:14:02.667441,sapmachine-23+29,163703571,True,3711
8e9cfc37-8887-43d4-b31c-ffa99c982a8a,2024-08-12T12:14:02.667441,sapmachine-11.0.24+7,162966783,True,3436
991c5f2e-5c17-4d1c-adc7-41474282a84f,2024-08-12T12:14:02.667441,sapmachine-24+3,162662540,True,4346
1663ed29-aa1f-42e4-bc2b-66c8a8b76af3,2024-08-12T12:14:02.667441,sapmachine-23+28,162663207,True,4322
e14948f0-3f9c-4ea6-b973-3587a0b8a3d9,2024-08-12T12:14:02.667441,sapmachine-24+2,161507856,True,5069
f79a38a2-852e-43ca-9d60-ab609c5fe878,2024-08-12T12:14:02.667441,sapmachine-23+27,161515107,True,5061
ec4a2d07-f7a0-448a-bb87-020361b277a9,2024-08-12T12:14:02.667441,sapmachine-23+26,160780387,True,5362
b216023c-9854-4020-88e6-87b869dcd931,2024-08-12T12:14:02.667441,sapmachine-24+1,160428469,True,5688
67553f1f-4cd9-40d7-b4af-69da2856ae2e,2024-08-12T12:14:02.667441,sapmachine-11.0.24+6,159581451,True,5076
d4a5e88d-51f3-40af-ad85-56000c7fd0ed,2024-08-12T12:14:02.667441,sapmachine-23+25,159289859,True,6377
0031de58-237a-4d52-8996-bc302f8bfa8c,2024-08-12T12:14:02.667441,sapmachine-21.0.4+5,159097536,True,6465
de2ab4b0-e1e9-448d-ae3e-63c54ef0a0f9,2024-08-12T12:14:02.667441,sapmachine-17.0.12+5,159097367,True,5935
286b84b7-af64-47a7-9988-fdb438e489d1,2024-08-12T12:14:02.667441,sapmachine-11.0.24+5,159097809,True,5148
7c323741-1223-4963-a0c7-a794537fb6f4,2024-08-12T12:14:02.667441,sapmachine-23+24,157895626,True,7143
a8578be4-0dad-49a2-ab9b-9377727ade0a,2024-08-12T12:14:02.667441,sapmachine-21.0.4+4,157895615,True,7187
67d0fde0-e8c8-4760-b67e-eaf617d9820a,2024-08-12T12:14:02.667441,sapmachine-17.0.12+4,157895511,True,6495
ac7847a0-17c2-496a-9ee5-607a5718b204,2024-08-12T12:14:02.667441,sapmachine-11.0.24+4,157897009,True,5755
cbde3bb0-4948-4e80-b455-0aad79d49e14,2024-08-12T12:14:02.667441,sapmachine-23+23,156785689,True,7771
2fe5b991-6d2c-4cda-bb8c-61ba492442e1,2024-08-12T12:14:02.667441,sapmachine-21.0.4+3,156183440,True,8187
fafeb959-a6f7-40a9-a31c-779f52bfcdd8,2024-08-12T12:14:02.667441,sapmachine-17.0.12+3,156183171,True,7386
3a3d6c07-a4c0-4886-89c8-2d3379d69204,2024-08-12T12:14:02.667441,sapmachine-11.0.24+3,156186663,True,6559
69fad437-e3a2-406d-9522-01fa3d8eb2a2,2024-08-12T12:14:02.667441,sapmachine-23+22,155599976,True,7363
44dfe8f5-2a8f-4319-98ea-b5950d56f4a8,2024-08-12T12:14:02.667441,sapmachine-21.0.4+2,155599974,True,7336
f957b096-4783-48e7-8ea6-e82892f51ade,2024-08-12T12:14:02.667441,sapmachine-17.0.12+2,155600598,True,6621
d49b2ef4-cd7f-4d61-a265-e6937d4c3512,2024-08-12T12:14:02.667441,sapmachine-11.0.24+2,155602161,True,5904
005c864b-3690-446d-a985-701e657aa3d4,2024-08-12T12:14:02.667441,sapmachine-11.0.24+1,154494570,True,5997
b13fedaf-8e43-4fed-bb61-fd5d3db4ad17,2024-08-12T12:14:02.667441,sapmachine-22.0.2+2,154437083,True,7523
9698c9c5-3362-4f94-91be-5a73a81a0846,2024-08-12T12:14:02.667441,sapmachine-23+21,154223697,True,7630
d7c699d1-85cc-4954-a4d8-05cd5c4ddf92,2024-08-12T12:14:02.667441,sapmachine-21.0.4+1,154223698,True,7667
914d107e-7d56-4031-a161-77b1a4028c22,2024-08-12T12:14:02.667441,sapmachine-17.0.12+1,154224195,True,6863
62ea819c-9453-40ed-88e7-9fbc093da1dd,2024-08-12T12:14:02.667441,sapmachine-22.0.2+1,154009776,True,424
321d7f33-73aa-4bf8-8073-46ebd127c5a0,2024-08-12T12:14:02.667441,sapmachine-23+20,153069492,True,8097
75d39a1b-eb92-4295-9f84-73e432cd6fb5,2024-08-12T12:14:02.667441,sapmachine-23+19,152023909,True,8572
7132a75a-87a0-4172-82d6-49a8a74e2b43,2024-08-12T12:14:02.667441,sapmachine-22.0.1+8,152023910,True,8504
2123be9d-6a26-4628-bdef-e6ccd0599a9e,2024-08-12T12:14:02.667441,sapmachine-22.0.1,151389798,False,24390
f1186ff5-f896-45a0-a6ff-3a83f7da468c,2024-08-12T12:14:02.667441,sapmachine-21.0.3,151390924,False,44280
814b9d58-4bac-4e39-81da-ce611ca321df,2024-08-12T12:14:02.667441,sapmachine-17.0.11,151389351,False,269149
04ae3a56-5828-4efb-b171-f293e850eb29,2024-08-12T12:14:02.667441,sapmachine-11.0.23,151390101,False,45030
875ad1ec-eefa-49f1-8c3f-35514e720735,2024-08-12T12:14:02.667441,sapmachine-23+18,151006378,True,8908
8fe0b727-3e67-43a7-aacf-83d2cf6d32e1,2024-08-12T12:14:02.667441,sapmachine-23+17,150671259,True,9004
f81751d2-ac92-486c-9e3b-8e910b52ebae,2024-08-12T12:14:02.667441,sapmachine-22.0.1+1,150540507,True,9055
e51ef614-bd87-4301-9f59-9bc8b77dfca0,2024-08-12T12:14:02.667441,sapmachine-23+16,149908779,True,9344
713ade6c-fa65-411a-b595-a012495ad3a0,2024-08-12T12:14:02.667441,sapmachine-23+15,148119959,True,10240
5c37324d-334b-4071-a436-481ab24094e3,2024-08-12T12:14:02.667441,sapmachine-21.0.3+7,148119963,True,10328
72a59a74-0487-47ac-a2be-1e40481ec681,2024-08-12T12:14:02.667441,sapmachine-17.0.11+7,148119878,True,9385
20671f1f-7fab-44cc-aa34-f9017f95b997,2024-08-12T12:14:02.667441,sapmachine-11.0.23+7,148120507,True,8211
f0a3eb38-eb96-473d-a29a-18d262361a30,2024-08-12T12:14:02.667441,sapmachine-23+14,147150746,True,10526
7dd53ff3-6463-4e0f-815d-e715f468c8de,2024-08-12T12:14:02.667441,sapmachine-23+13,146456495,True,10909
7f0bda55-71d3-480b-a441-336ba1ef85f0,2024-08-12T12:14:02.667441,sapmachine-21.0.3+6,145387458,True,11268
4c80e686-3d63-4401-a2d6-aed816d3796e,2024-08-12T12:14:02.667441,sapmachine-17.0.11+6,145387368,True,11001
a39aa2b1-5fb9-4529-bee6-86a9e85adc10,2024-08-12T12:14:02.667441,sapmachine-11.0.23+6,145388368,True,8966
3f44ad83-98d4-4266-b05f-e0920012cbac,2024-08-12T12:14:02.667441,sapmachine-22,147026912,False,18094
1fe694e5-5e97-4688-9d11-6157dc6c97f8,2024-08-12T12:14:02.667441,sapmachine-23+12,144772199,True,11732
bd9a4b42-cead-4f4e-8948-af8ef51b9a21,2024-08-12T12:14:02.667441,sapmachine-21.0.3+5,144772201,True,11514
b3d1d85e-9e20-4d04-9d63-43548ce5d000,2024-08-12T12:14:02.667441,sapmachine-17.0.11+5,144772018,True,10322
4332d4ff-6619-4b53-a173-e16537e8d912,2024-08-12T12:14:02.667441,sapmachine-11.0.23+5,144773524,True,9131
18c57ceb-73b8-4927-97b3-5408584b8b87,2024-08-12T12:14:02.667441,sapmachine-23+11,143504928,True,12202
67f0ec7d-6c1b-4e91-a79d-729d24c21e4e,2024-08-12T12:14:02.667441,sapmachine-21.0.3+4,143283676,True,12324
5e2fb24d-4642-4c22-8160-185970dcf4dc,2024-08-12T12:14:02.667441,sapmachine-17.0.11+4,143283541,True,11178
f12c4232-445c-4fa6-87a6-e2651a88db07,2024-08-12T12:14:02.667441,sapmachine-11.0.23+4,143284299,True,9871
7324dcf3-d2ac-4ab8-9676-cac823fca243,2024-08-12T12:14:02.667441,sapmachine-22+36,142881988,True,12644
6d332312-8b9d-4caf-b5e1-8384871ab46e,2024-08-12T12:14:02.667441,sapmachine-23+10,142427938,True,12851
bc9597da-08f7-4a0a-8f3c-85994dd359a3,2024-08-12T12:14:02.667441,sapmachine-21.0.3+3,142427952,True,12780
9034e3fd-3262-4d98-93d2-6dfaa59692bb,2024-08-12T12:14:02.667441,sapmachine-17.0.11+3,142428646,True,11486
a9950e7f-26e8-45dd-acdd-053cc3fb28fe,2024-08-12T12:14:02.667441,sapmachine-11.0.23+3,142429093,True,10233
45f83954-d964-4558-9fe1-a8eda60eb5b5,2024-08-12T12:14:02.667441,sapmachine-23+9,141517252,True,12966
f16160a3-066c-4e4d-8a85-c49bde9bb8f7,2024-08-12T12:14:02.667441,sapmachine-22+35,141517246,True,13014
a0818a22-4868-4973-9273-ef4155d1a215,2024-08-12T12:14:02.667441,sapmachine-23+8,140739810,True,13130
e11aca97-98c0-4f57-b2cd-13310a396e99,2024-08-12T12:14:02.667441,sapmachine-21.0.3+2,140721248,True,13149
0cc7426d-0259-4306-a353-eff8db888b4d,2024-08-12T12:14:02.667441,sapmachine-17.0.11+2,140721824,True,11935
c08b8a94-a6ed-4fe3-b47b-47ce38c50052,2024-08-12T12:14:02.667441,sapmachine-11.0.23+2,140723978,True,10467
8444005e-b008-45d1-8c06-da6e84986b9c,2024-08-12T12:14:02.667441,sapmachine-22+34,140188070,True,13385
ea58d07a-d780-4062-bfe4-5e6a20a8153f,2024-08-12T12:14:02.667441,sapmachine-21.0.3+1,140188058,True,13282
2e89c8e9-58d6-417a-a683-983fefe4f423,2024-08-12T12:14:02.667441,sapmachine-17.0.11+1,140188828,True,11941
ac538efa-d6eb-4218-8e1b-5078d556d6ca,2024-08-12T12:14:02.667441,sapmachine-11.0.23+1,140189645,True,10559
3fd85431-9af5-489f-8da9-ff00a91b3b80,2024-08-12T12:14:02.667441,sapmachine-23+7,139418520,True,13608
dd6e555c-b655-4b6b-8135-d12e8ede5d87,2024-08-12T12:14:02.667441,sapmachine-22+33,139418535,True,13636
b8280652-7fd3-41fe-bc0c-b3622a4e3831,2024-08-12T12:14:02.667441,sapmachine-23+6,137823162,True,14475
f6a8d38f-2c77-4c3c-9030-8fc3c9cd8857,2024-08-12T12:14:02.667441,sapmachine-22+32,137823163,True,14479
f595241f-9e72-42e4-9956-3712cd183164,2024-08-12T12:14:02.667441,sapmachine-21.0.2,137297795,False,47200
00e7f595-b248-42c2-83b8-49706cc41f14,2024-08-12T12:14:02.667441,sapmachine-17.0.10,137297374,False,469169
54b1cfa7-d764-4279-93be-7ffb50f2e089,2024-08-12T12:14:02.667441,sapmachine-11.0.22,137295842,False,62726
7c331389-be06-4bd7-b60e-04466deba079,2024-08-12T12:14:02.667441,sapmachine-23+5,137131901,True,14699
f67706ab-3402-4d3d-a35d-7e196b485083,2024-08-12T12:14:02.667441,sapmachine-22+31,137131903,True,14798
a2264d49-10b8-47c7-b2a1-367c3f7b525b,2024-08-12T12:14:02.667441,sapmachine-23+4,136580065,True,15073
f69efd7a-c8f1-4fc5-9d10-0508c5925526,2024-08-12T12:14:02.667441,sapmachine-22+30,136580081,True,14988
25534dbe-5db5-4bc3-9e05-bce648649eac,2024-08-12T12:14:02.667441,sapmachine-23+3,135230137,True,15958
48da4eb1-73ad-4a30-9a77-fac2da162463,2024-08-12T12:14:02.667441,sapmachine-22+29,134966257,True,16380
03089786-7341-4d0d-818a-cdf015aa4ba3,2024-08-12T12:14:02.667441,sapmachine-23+2,134709346,True,16508
17f32851-749b-4235-85a2-5cee70ea46ba,2024-08-12T12:14:02.667441,sapmachine-22+28,134710071,True,16607
76f9ca44-5e68-44af-b101-29e677361b12,2024-08-12T12:14:02.667441,sapmachine-23+1,133832209,True,17184
e26d327f-25d2-4219-bb33-e6c1a378350f,2024-08-12T12:14:02.667441,sapmachine-22+27,133496876,True,17588
13b7e289-8aa9-457d-b45b-f0c5431266c5,2024-08-12T12:14:02.667441,sapmachine-21.0.2+2,133659086,True,17689
1e15ce74-c7f7-411d-bf75-c3848abd26a6,2024-08-12T12:14:02.667441,sapmachine-22+26,133112828,True,17301
67a820a1-865d-4d49-81a2-412ff45683bb,2024-08-12T12:14:02.667441,sapmachine-17.0.10+6,133113258,True,17173
2cbb96bb-c6f3-4009-afc4-30d591977cdf,2024-08-12T12:14:02.667441,sapmachine-11.0.22+6,133114028,True,14569
335af4b6-b195-4833-b0c4-ab74e63c83d6,2024-08-12T12:14:02.667441,sapmachine-17.0.10+5,132976111,True,15712
3dee7921-8745-43bc-aa60-cc1077f25106,2024-08-12T12:14:02.667441,sapmachine-11.0.22+5,132590279,True,14343
fc3c9572-c54d-4144-aea0-a5a70ad0f124,2024-08-12T12:14:02.667441,sapmachine-17.0.10+4,132210376,True,16296
ee7562a0-5f9d-4891-9bd8-07083af1a5b2,2024-08-12T12:14:02.667441,sapmachine-11.0.22+4,132211191,True,14350
6ea50ed6-9b11-45df-8c6d-c516ab8bb986,2024-08-12T12:14:02.667441,sapmachine-22+25,131656683,True,18656
7e370fca-fb14-44f9-a896-72cb9fb97fdf,2024-08-12T12:14:02.667441,sapmachine-22+24,130843371,True,18683
749821b0-ccbd-4d54-b596-431e6b197bf3,2024-08-12T12:14:02.667441,sapmachine-21.0.2+1,130953525,True,19654
106ba92a-eba7-43d9-acff-7e81d1237578,2024-08-12T12:14:02.667441,sapmachine-17.0.10+3,130843107,True,17361
2f6bea77-8722-453d-959d-143db8b53a9b,2024-08-12T12:14:02.667441,sapmachine-11.0.22+3,130843977,True,15332
3a3a4b1a-a43f-401d-ae0d-08ebd1a366bf,2024-08-12T12:14:02.667441,sapmachine-22+23,129037171,True,19450
01e4e83b-1907-4e24-a20e-18b69a6c352a,2024-08-12T12:14:02.667441,sapmachine-17.0.10+2,129037314,True,17569
d25e8101-090b-400d-a78a-61018af19249,2024-08-12T12:14:02.667441,sapmachine-11.0.22+2,129037538,True,15667
8359e4cb-9ea3-479b-bbc2-bbe7b3cf2424,2024-08-12T12:14:02.667441,sapmachine-22+22,128450153,True,19448
5a014a23-1e83-4900-bf93-7d09d25f7ada,2024-08-12T12:14:02.667441,sapmachine-17.0.10+1,128237980,True,17812
72f24815-4a50-4da2-9b97-338fe2cd87e5,2024-08-12T12:14:02.667441,sapmachine-11.0.22+1,128238623,True,15850
360b6848-a19a-4c8f-92c2-09b240130c8e,2024-08-12T12:14:02.667441,sapmachine-22+21,127652397,True,19984
95872ac3-bdba-4270-b028-5d4ac6d6121d,2024-08-12T12:14:02.667441,sapmachine-22+20,126087457,True,20546
b274c6e1-8440-4d81-bb52-be9e30589692,2024-08-12T12:14:02.667441,sapmachine-22+19,125759101,True,20476
78c93073-d652-4355-a133-b958a1cd8128,2024-08-12T12:14:02.667441,sapmachine-21.0.1,125509596,False,51664
9438fb12-2a05-4e82-b19c-c7ff34a6f9e5,2024-08-12T12:14:02.667441,sapmachine-17.0.9,125512392,False,281596
24e01e2e-f68d-489e-8434-e664cc90e7c6,2024-08-12T12:14:02.667441,sapmachine-11.0.21,125513226,False,82220
e91aac6c-59ff-48af-8182-e535040bf3b8,2024-08-12T12:14:02.667441,sapmachine-22+18,124525988,True,21483
d4f5b2d0-10f0-4940-afca-ae10b106de61,2024-08-12T12:14:02.667441,sapmachine-21.0.1+1,124501193,True,23367
2ba2af3a-280d-42aa-979b-56c03b3ff06c,2024-08-12T12:14:02.667441,sapmachine-22+17,123782608,True,21684
2eac6107-ae34-4fd5-b26d-1ebf457de819,2024-08-12T12:14:02.667441,sapmachine-22+16,122258547,True,22268
46b82183-e785-40f3-a102-1b4b6c10981a,2024-08-12T12:14:02.667441,sapmachine-17.0.9+7,122135071,True,21857
ce05a573-089d-449b-bc09-db27193630f5,2024-08-12T12:14:02.667441,sapmachine-11.0.21+8,122135652,True,19143
b6dff77c-5997-4c13-992f-da9467dd5cc4,2024-08-12T12:14:02.667441,sapmachine-21,121589656,False,32276
948165c6-9d0f-4618-a2ff-6b9be7604e05,2024-08-12T12:14:02.667441,sapmachine-22+15,121295657,True,20846
7924270e-ca93-41bc-b072-85c252024cd3,2024-08-12T12:14:02.667441,sapmachine-11.0.21+7,121297160,True,18314
23c2f775-6e6c-4e48-8e87-38e859e93a97,2024-08-12T12:14:02.667441,sapmachine-22+14,120746472,True,20644
1b93daaf-4732-40c5-9aa0-fc43fc2a987e,2024-08-12T12:14:02.667441,sapmachine-17.0.9+6,120747009,True,20987
4d87bf42-61a2-456f-8948-f09ea21fe320,2024-08-12T12:14:02.667441,sapmachine-11.0.21+6,120748181,True,18247
50558d51-520e-4682-8dc6-63eb313b20b6,2024-08-12T12:14:02.667441,sapmachine-11.0.20.1,120580479,False,47706
407c6e5f-acf1-4f21-9fa9-8b0cecdd04f4,2024-08-12T12:14:02.667441,sapmachine-17.0.8.1,120346785,False,254426
153ea1b8-c3bf-454a-80a7-3efe78473227,2024-08-12T12:14:02.667441,sapmachine-22+13,119869219,True,21205
436a2bb2-9b63-4d01-8f9c-4311222b1df2,2024-08-12T12:14:02.667441,sapmachine-17.0.8+7,119953891,True,20754
1404c334-ae7a-46bf-b2c8-6289569da511,2024-08-12T12:14:02.667441,sapmachine-11.0.20+8,119960886,True,18568
ed25823d-d2f5-459b-8dd3-bc757a843abd,2024-08-12T12:14:02.667441,sapmachine-17.0.9+5,119534290,True,21401
6af44eba-702e-4588-a651-8d79f1b7c714,2024-08-12T12:14:02.667441,sapmachine-11.0.21+5,119534863,True,19044
079e2af2-1b65-413b-a3ec-0b5239511119,2024-08-12T12:14:02.667441,sapmachine-22+12,118780136,True,21201
9042978e-6a21-448d-b865-eef6f1442b31,2024-08-12T12:14:02.667441,sapmachine-17.0.9+4,118645326,True,21572
d57a0149-a7c0-4b69-94dc-ad3e4722b6cf,2024-08-12T12:14:02.667441,sapmachine-11.0.21+4,118645866,True,18719
9a6a548a-3032-4044-88c9-fde177cb872e,2024-08-12T12:14:02.667441,sapmachine-22+11,117831939,True,21302
30eda249-f989-42d8-92e4-9061f4607fd7,2024-08-12T12:14:02.667441,sapmachine-17.0.9+3,117698633,True,21285
5c9c8104-923f-47bf-b53c-ebc83a11e5ae,2024-08-12T12:14:02.667441,sapmachine-11.0.21+3,117699075,True,18931
a30b8977-f5c0-4e0a-9a76-f1d43c0ecdd1,2024-08-12T12:14:02.667441,sapmachine-22+10,116245130,True,21609
c69c5606-04cf-44de-b7cb-8685c460858f,2024-08-12T12:14:02.667441,sapmachine-21+35,116246297,True,24414
faaad024-8949-45b2-8cd7-5cdb9ee2220b,2024-08-12T12:14:02.667441,sapmachine-17.0.9+2,115908202,True,21876
8b75ceaf-76d2-4bb2-8f0b-827a6784a8b5,2024-08-12T12:14:02.667441,sapmachine-11.0.21+2,115909387,True,19420
c084e00d-f986-40e1-a13e-97a54893eddc,2024-08-12T12:14:02.667441,sapmachine-22+9,115141528,True,21972
540a57f4-c9da-4cd5-be45-f30820f94257,2024-08-12T12:14:02.667441,sapmachine-21+34,115142200,True,22327
2313afb8-82c1-43f7-aa4a-3cdb56450d3c,2024-08-12T12:14:02.667441,sapmachine-17.0.9+1,115142031,True,21889
c3838959-f5f6-4f06-b484-2b9eba736f1c,2024-08-12T12:14:02.667441,sapmachine-11.0.21+1,114976634,True,19445
de5c9df2-0e66-4aec-b8db-a16b3b6b3ca6,2024-08-12T12:14:02.667441,sapmachine-22+8,114579553,True,22014
4af4bbb4-bbfb-4ab8-817e-7ecea8fb90d7,2024-08-12T12:14:02.667441,sapmachine-21+33,114579986,True,22006
545749ad-f5de-4689-baa8-6ace13690073,2024-08-12T12:14:02.667441,sapmachine-22+7,113172647,True,22232
a7d4a1ad-4c65-42a3-ab6a-ece2648a85f5,2024-08-12T12:14:02.667441,sapmachine-21+32,113172867,True,22383
de837c48-fd8e-4d4a-8d04-b8be43cffd43,2024-08-12T12:14:02.667441,sapmachine-20.0.2,112729405,False,57416
ab729276-d55e-4bfb-90ee-22b2cd221a4d,2024-08-12T12:14:02.667441,sapmachine-17.0.8,112724516,False,133614
f1f4eea7-2a99-4806-ad27-f67ec27e32cf,2024-08-12T12:14:02.667441,sapmachine-11.0.20,112728811,False,90255
b2f6e696-a2b3-4b6f-ad35-c880ce0713b7,2024-08-12T12:14:02.667441,sapmachine-22+6,112454245,True,22773
dd8e586c-93f7-4e54-957d-3694da87bad4,2024-08-12T12:14:02.667441,sapmachine-21+31,112330673,True,22757
1a6b3073-3686-4d35-98a1-3e1bf1594068,2024-08-12T12:14:02.667441,sapmachine-22+5,111622619,True,22762
86c43dff-f013-4859-9635-1067b4bace92,2024-08-12T12:14:02.667441,sapmachine-21+30,111590812,True,22733
19af53d7-c6de-4cf5-9e56-77d36f284936,2024-08-12T12:14:02.667441,sapmachine-22+4,110567664,True,22982
d2535eb7-44d6-4e4f-94c7-9f589bf4ecda,2024-08-12T12:14:02.667441,sapmachine-21+29,110568162,True,22917
2b23cf0d-b021-4bb7-8387-05d02681fa88,2024-08-12T12:14:02.667441,sapmachine-21+28,109855089,True,23311
2bc5a12a-fc9e-4a35-b9fd-354694e0d611,2024-08-12T12:14:02.667441,sapmachine-20.0.2+1,109953672,True,31772
09889b75-92e3-42a4-a0df-6edc17642c03,2024-08-12T12:14:02.667441,sapmachine-22+3,109790361,True,23294
e8c5cc7d-76b1-427f-b0b4-5b5d7fd303b7,2024-08-12T12:14:02.667441,sapmachine-22+2,109533783,True,22968
d9b688d6-d60e-41c8-896f-ef06678a1b59,2024-08-12T12:14:02.667441,sapmachine-11.0.20+7,109540302,True,22443
a31cfe26-e0ee-4b9d-ad15-df21416792e0,2024-08-12T12:14:02.667441,sapmachine-21+27,108987667,True,23209
60488e3a-8877-42e7-857d-f71a6bf23754,2024-08-12T12:14:02.667441,sapmachine-17.0.8+6,108809603,True,26246
33dfe77e-6e19-48f4-bca5-4b889ed6a178,2024-08-12T12:14:02.667441,sapmachine-11.0.20+6,108810932,True,20608
16f31ee2-9e4b-4d74-85e9-95684996faef,2024-08-12T12:14:02.667441,sapmachine-22+1,108655515,True,23258
c49d74fb-8987-4be4-b7c5-fae989435783,2024-08-12T12:14:02.667441,sapmachine-21+26,108216475,True,23549
9e5cb858-db4c-4698-8b2f-75c9a82e0606,2024-08-12T12:14:02.667441,sapmachine-21+25,107595179,True,23432
294317c1-7074-418f-8b51-888ad5558d11,2024-08-12T12:14:02.667441,sapmachine-17.0.8+5,107595108,True,23681
54e4e4f0-8936-4dc6-affe-b29816465e5f,2024-08-12T12:14:02.667441,sapmachine-11.0.20+5,107595354,True,21106
3dc98778-38ec-4354-bdc6-432cd909b1ee,2024-08-12T12:14:02.667441,sapmachine-17.0.8+4,105608085,True,23337
fa5b017e-d891-4e5f-9e79-ab02838c4ca9,2024-08-12T12:14:02.667441,sapmachine-21+24,104467355,True,23820
86b67652-cb3b-4929-9833-ffb68b434994,2024-08-12T12:14:02.667441,sapmachine-11.0.20+4,104467668,True,20952
99b247f4-1ad8-4cb4-a056-c17bd4fc65ec,2024-08-12T12:14:02.667441,sapmachine-21+23,104190954,True,23805
f0b46632-613e-4c59-b9cb-380a6536aeb6,2024-08-12T12:14:02.667441,sapmachine-17.0.8+3,104191059,True,23784
7e27a688-3898-456c-a423-de43f9e474d3,2024-08-12T12:14:02.667441,sapmachine-11.0.20+3,104029512,True,21112
4f9187fb-e795-413d-88d8-0dd744b43a22,2024-08-12T12:14:02.667441,sapmachine-21+22,102919131,True,24015
cb89c41f-c806-42a4-a9fb-3b6c9ca6aa6c,2024-08-12T12:14:02.667441,sapmachine-17.0.8+2,102919202,True,23914
15aa8885-23ac-48b0-9891-4e4b6ea05f5e,2024-08-12T12:14:02.667441,sapmachine-11.0.20+2,102919314,True,21267
c1ea1210-c85a-4145-a607-8d997cbc33eb,2024-08-12T12:14:02.667441,sapmachine-21+21,102558570,True,23924
942f1e50-fe10-49bf-b5df-a74945371036,2024-08-12T12:14:02.667441,sapmachine-17.0.8+1,101950188,True,24186
b09ac707-2675-4a94-b776-3740f5b1de4a,2024-08-12T12:14:02.667441,sapmachine-11.0.20+1,101950588,True,21635
b723b334-db21-41ac-b5d7-d4b3b10540c9,2024-08-12T12:14:02.667441,sapmachine-21+20,101671734,True,24394
2b7d70f3-bb24-463a-8fd8-d0ddc94ee5a2,2024-08-12T12:14:02.667441,sapmachine-21+19,101028350,True,24424
b4a2f655-89b0-4172-b40e-f7d2898b3f6d,2024-08-12T12:14:02.667441,sapmachine-20.0.1+9,100022946,True,27391
cc89709e-0809-4e8a-a30f-2ee79e16e50d,2024-08-12T12:14:02.667441,sapmachine-17.0.7+7,100020015,True,25066
e4752f33-5add-485f-84ae-f0cb4cb0ff9b,2024-08-12T12:14:02.667441,sapmachine-11.0.19+7,100019197,True,22292
1e962c18-7a3b-48cb-8f26-f72b4f8cd439,2024-08-12T12:14:02.667441,sapmachine-21+18,99833273,True,24745
2c034e84-8715-4ac5-a5d2-f6787237d4dd,2024-08-12T12:14:02.667441,sapmachine-20.0.1,99976902,False,46317
9a90ecc9-0273-48e6-9bc1-8445df0761f6,2024-08-12T12:14:02.667441,sapmachine-17.0.7,99977377,False,300536
ed7a1917-6549-41bf-bbcf-15821a207e09,2024-08-12T12:14:02.667441,sapmachine-11.0.19,99977831,False,146647
f15130f8-ac0b-466f-afe0-12f89e999490,2024-08-12T12:14:02.667441,sapmachine-20.0.1+1,99698204,True,27220
3338f6e4-1a0b-403f-86e2-2db2acc586ac,2024-08-12T12:14:02.667441,sapmachine-21+17,99699507,True,24629
c0b5febd-1bd6-471c-9857-dce999847306,2024-08-12T12:14:02.667441,sapmachine-17.0.7+6,99700224,True,27294
5025ac47-31df-4150-be2a-c71fa20b8bab,2024-08-12T12:14:02.667441,sapmachine-21+16,98125332,True,24665
7e703464-f797-4e7c-8610-946fe3776035,2024-08-12T12:14:02.667441,sapmachine-21+15,97098582,True,25012
fdeeccb9-e9d2-4a24-9e6f-8720f3ae4c8d,2024-08-12T12:14:02.667441,sapmachine-11.0.19+6,96738049,True,25117
ee511b43-98ad-449a-9506-e9f2e091f054,2024-08-12T12:14:02.667441,sapmachine-20,95999882,False,34919
8fa11d38-fa71-4807-aef0-c2885f48c9c9,2024-08-12T12:14:02.667441,sapmachine-21+14,96052182,True,25159
fd585ab9-4292-4260-9ef7-cc0a13749e9f,2024-08-12T12:14:02.667441,sapmachine-21+13,95635697,True,25289
7cb0d3b4-7174-4daf-aa86-1c588d4ed4a1,2024-08-12T12:14:02.667441,sapmachine-17.0.7+5,95149553,True,28241
05a2c4a9-3fdf-4c8f-a505-068b542b7cd7,2024-08-12T12:14:02.667441,sapmachine-11.0.19+5,95149728,True,25290
d4b3ca08-8089-4184-ba94-147b58307c0d,2024-08-12T12:14:02.667441,sapmachine-21+12,94707455,True,25376
ced48de4-7ab7-414b-967d-885c86e894e0,2024-08-12T12:14:02.667441,sapmachine-17.0.7+4,94707695,True,28060
dee11c28-d2fa-4bf4-bf52-03140dff8305,2024-08-12T12:14:02.667441,sapmachine-11.0.19+4,94707839,True,25314
db0ac965-6b74-4267-a9e9-13744ef0daaa,2024-08-12T12:14:02.667441,sapmachine-17.0.7+3,94018009,True,28683
9eeb425f-0e35-40f3-baf1-5e6780d0d5e9,2024-08-12T12:14:02.667441,sapmachine-11.0.19+3,94018391,True,25426
80dd99f8-4f3b-4ca8-bca1-e57a6544cb50,2024-08-12T12:14:02.667441,sapmachine-21+11,93871113,True,25470
0f83fe04-e73e-4c0b-9731-efc94fe3fa9b,2024-08-12T12:14:02.667441,sapmachine-21+10,93532766,True,25593
1db8460d-cf50-4f3d-a41c-cb630fbb5dd9,2024-08-12T12:14:02.667441,sapmachine-20+36,92691038,True,28686
1cfcae49-b469-4075-b592-ff0f5e9ca524,2024-08-12T12:14:02.667441,sapmachine-17.0.7+2,92691394,True,28688
31044561-468c-4d5d-a286-d35b7ecdd22c,2024-08-12T12:14:02.667441,sapmachine-11.0.19+2,92691989,True,25910
b54ea3b4-7874-4631-95f5-ffe6dcf8d638,2024-08-12T12:14:02.667441,sapmachine-21+9,92365142,True,25565
7d858688-24c8-4589-899e-ef08f33a376f,2024-08-12T12:14:02.667441,sapmachine-20+35,92140789,True,27932
a08c369c-67e8-43bd-9aee-6b44e688da16,2024-08-12T12:14:02.667441,sapmachine-17.0.7+1,92134025,True,27945
034e76a3-4090-4f40-a429-2cf03f0a6b35,2024-08-12T12:14:02.667441,sapmachine-11.0.19+1,92093172,True,25466
6a7eeeeb-10d3-4235-a488-4daaf4a1c021,2024-08-12T12:14:02.667441,sapmachine-21+8,91679472,True,25678
7a65fa56-e664-479b-b462-5a451e00d7e0,2024-08-12T12:14:02.667441,sapmachine-20+34,91679718,True,28543
04040a30-6af4-4893-b024-7916b3563935,2024-08-12T12:14:02.667441,sapmachine-21+7,90494234,True,26138
b58265f1-bfd4-4b6d-8551-90f0fd1df49a,2024-08-12T12:14:02.667441,sapmachine-20+33,90530096,True,28980
5c820475-6567-4626-86dc-a0e52aff9704,2024-08-12T12:14:02.667441,sapmachine-21+6,89989311,True,26048
fd70571d-06a5-4373-b23e-417ea7e6dc7a,2024-08-12T12:14:02.667441,sapmachine-20+32,89989253,True,28837
5a3b6f13-1435-41bd-8e96-4e2e03daf694,2024-08-12T12:14:02.667441,sapmachine-19.0.2,89316748,False,55109
5c350f71-6a95-4003-b0a1-20b61805276c,2024-08-12T12:14:02.667441,sapmachine-17.0.6,89420725,False,162691
fc31f074-671e-45d2-85c2-3bf3eb0ef6cb,2024-08-12T12:14:02.667441,sapmachine-11.0.18,89317781,False,159841
66f9a84a-b66a-4d2f-b1af-31cbf29cbe91,2024-08-12T12:14:02.667441,sapmachine-21+5,88942527,True,26144
2aab56ec-ef0e-4215-90c8-31b0b194e772,2024-08-12T12:14:02.667441,sapmachine-20+31,88942515,True,29045
5790e46c-9699-4853-8a2e-607c7bf9a4ab,2024-08-12T12:14:02.667441,sapmachine-19.0.2+1,88575882,True,41607
bdcbc7d5-dd47-413a-bf81-de7849fa67bf,2024-08-12T12:14:02.667441,sapmachine-21+4,88522163,True,26320
f78b4b22-c3fa-4c4b-abe1-fd9869d5e01c,2024-08-12T12:14:02.667441,sapmachine-20+30,88522175,True,29158
457ecf14-53f5-4885-88c1-ec267d5b6ab6,2024-08-12T12:14:02.667441,sapmachine-17.0.6+9,87478370,True,29542
41a3a8d5-beeb-41e3-a4ee-466731563d53,2024-08-12T12:14:02.667441,sapmachine-11.0.18+9,87478444,True,27010
f8db03b3-a794-494a-9bad-a50a94b54f33,2024-08-12T12:14:02.667441,sapmachine-21+3,87194896,True,26615
5fd6e2e3-b0de-4657-afbf-93253db47f3e,2024-08-12T12:14:02.667441,sapmachine-20+29,87194903,True,29628
86cd79ae-7569-4631-97fb-a0b9244851f0,2024-08-12T12:14:02.667441,sapmachine-17.0.6+8,86873917,True,29579
79bf23d0-e1d3-4d76-80b6-e6abfc30c8b0,2024-08-12T12:14:02.667441,sapmachine-11.0.18+8,86873997,True,26963
5388bd3f-0568-46fb-8bfc-3dbc69cc749c,2024-08-12T12:14:02.667441,sapmachine-20+28,86598861,True,29588
e074391a-e74e-402b-b88b-2cc7574fbe01,2024-08-12T12:14:02.667441,sapmachine-17.0.6+7,86653279,True,29717
d26f5660-9607-4299-8526-4ff809ba4c00,2024-08-12T12:14:02.667441,sapmachine-11.0.18+7,86653367,True,26952
1f6eb880-45fe-41c6-87ff-a34a23da9194,2024-08-12T12:14:02.667441,sapmachine-21+2,86474239,True,26811
68782673-64dc-4463-9e15-3c5bfa9aa46f,2024-08-12T12:14:02.667441,sapmachine-21+1,85701427,True,27160
28fef870-ab57-4aed-bdf0-45841c130e16,2024-08-12T12:14:02.667441,sapmachine-20+27,85651126,True,29953
e22ea7c2-2432-4f6f-9887-da8b8320d254,2024-08-12T12:14:02.667441,sapmachine-17.0.6+6,85610751,True,30336
5195fd00-f62a-4e44-8e90-ce077ecff26f,2024-08-12T12:14:02.667441,sapmachine-11.0.18+6,85610788,True,27191
5a2ca7f6-d747-410c-93a4-23f873adbf1b,2024-08-12T12:14:02.667441,sapmachine-20+26,85578884,True,30260
da3f7510-7ab7-4bcc-95ab-e68468145034,2024-08-12T12:14:02.667441,sapmachine-17.0.6+5,85433994,True,30063
580b0008-d8a3-439d-9dce-502e1e734f05,2024-08-12T12:14:02.667441,sapmachine-11.0.18+5,85434376,True,27383
9f3047bb-eda2-4fab-a9db-399aac1969f4,2024-08-12T12:14:02.667441,sapmachine-20+25,84644495,True,29869
d2bad2fd-a791-4770-89c0-42d0612180e2,2024-08-12T12:14:02.667441,sapmachine-17.0.6+4,84553666,True,30951
63abf952-bca1-4993-9dca-65d14436181f,2024-08-12T12:14:02.667441,sapmachine-11.0.18+4,84553778,True,27565
dbf739c0-ad5e-4826-9ffa-9acdd5f5de5e,2024-08-12T12:14:02.667441,sapmachine-20+24,83625719,True,30678
647963a4-3260-4ba6-8ffb-be429184c088,2024-08-12T12:14:02.667441,sapmachine-17.0.6+3,83625656,True,30689
5d65e78e-8668-4b42-a049-0c40565696fe,2024-08-12T12:14:02.667441,sapmachine-11.0.18+3,83625675,True,27965
6e6e61b3-0de8-4979-b785-4df3289306c3,2024-08-12T12:14:02.667441,sapmachine-20+23,83333093,True,30566
1fd90d04-0bf8-48d6-af59-03cb6d3f9a5f,2024-08-12T12:14:02.667441,sapmachine-17.0.6+2,83332945,True,30686
53ec1ea2-4b66-473b-8f92-f64d4486dcdb,2024-08-12T12:14:02.667441,sapmachine-11.0.18+2,83334659,True,27960
d84d0fd5-fc2d-4856-9dbd-b4175e71fb85,2024-08-12T12:14:02.667441,sapmachine-20+22,82144191,True,30943
2b729bc1-734d-4334-b22d-7006ed6b353c,2024-08-12T12:14:02.667441,sapmachine-17.0.6+1,82144277,True,31034
648a0697-9765-46b5-ba83-d73683716f02,2024-08-12T12:14:02.667441,sapmachine-11.0.18+1,82144262,True,28250
fe7956e2-1ea7-47f4-820c-0654f7b64e4e,2024-08-12T12:14:02.667441,sapmachine-20+21,81611842,True,31121
80ff223b-19a5-4081-9f03-21f2ed3980cf,2024-08-12T12:14:02.667441,sapmachine-20+20,80987609,True,31260
af8073ac-3b2e-4cc0-a520-c7f9ebb3a573,2024-08-12T12:14:02.667441,sapmachine-20+19,80149534,True,31515
bd32225b-c9ff-4795-aef1-2f7f41c9b739,2024-08-12T12:14:02.667441,sapmachine-19.0.1+10,80266358,True,31861
a985473c-4db5-484b-ae43-117c20d58d1a,2024-08-12T12:14:02.667441,sapmachine-17.0.5+8,80266074,True,31362
a05dc2c4-0b88-4d61-aea7-0aede530a830,2024-08-12T12:14:02.667441,sapmachine-11.0.17+8,80268016,True,28738
f42f68fa-6b2d-49cc-ae87-b639c7e5c36d,2024-08-12T12:14:02.667441,sapmachine-19.0.1,80227193,False,47130
6424903c-d624-4ffb-81ee-d7543f21286d,2024-08-12T12:14:02.667441,sapmachine-17.0.5,80227273,False,264439
ff83bb30-150b-4828-bb0b-e0c78d489bd8,2024-08-12T12:14:02.667441,sapmachine-11.0.17,80228007,False,171342
cab04763-4059-4abc-972b-36bb187e7bca,2024-08-12T12:14:02.667441,sapmachine-19.0.1+1,80081526,True,31214
36167f9a-4e6a-44e6-83ad-c23abfe634bd,2024-08-12T12:14:02.667441,sapmachine-20+18,79480556,True,32391
36055d60-5a1a-410e-a7de-001aeb68d971,2024-08-12T12:14:02.667441,sapmachine-20+17,79011229,True,32392
560f5aed-017a-4095-ba04-1f094d6bb1fa,2024-08-12T12:14:02.667441,sapmachine-17.0.5+7,78646581,True,32082
9ce8e577-bb83-4317-904d-78194b85f7df,2024-08-12T12:14:02.667441,sapmachine-11.0.17+7,78646599,True,29378
e3eed860-112f-4aec-ada9-2929a71a6684,2024-08-12T12:14:02.667441,sapmachine-20+16,78033206,True,33168
5a7e0dcd-62e3-4c80-9025-12b58bf10e5e,2024-08-12T12:14:02.667441,sapmachine-17.0.5+6,77910179,True,32254
6e6d2e55-0ea3-432a-9fa2-8027ec1f7b2b,2024-08-12T12:14:02.667441,sapmachine-11.0.17+6,77950456,True,29231
7d85b968-4f7d-468b-958b-9c658dcc2b76,2024-08-12T12:14:02.667441,sapmachine-19,77507122,False,40733
6d9c3f67-8384-4082-a118-d315fc4e0136,2024-08-12T12:14:02.667441,sapmachine-19+2,55744943,True,39999
219187f5-9cc4-4c2f-a6dc-6d4eac03fc40,2024-08-12T12:14:02.667441,sapmachine-19+1,55344312,True,39953
16075a0a-46a8-4485-8681-a10b4235545a,2024-08-12T12:14:02.667441,sapmachine-20+15,77441401,True,32798
d6f4ea23-474c-47f1-aae0-8b7bb25081e5,2024-08-12T12:14:02.667441,sapmachine-20+14,76950885,True,32424
bec998b4-4961-4bb3-b443-f268d36ca180,2024-08-12T12:14:02.667441,sapmachine-20+13,76437318,True,33119
2e06426f-b3ce-4f94-8a0f-b1c754e0288c,2024-08-12T12:14:02.667441,sapmachine-17.0.5+5,76329228,True,32479
3fca95dc-321b-45ba-8eae-d0b80b7fc521,2024-08-12T12:14:02.667441,sapmachine-11.0.17+5,76329461,True,29716
2f6dfe8b-707b-43fe-8dfe-b9a8b27f4d2a,2024-08-12T12:14:02.667441,sapmachine-20+12,75557174,True,33194
e26c647f-fc4a-4484-a810-793551ac4f0a,2024-08-12T12:14:02.667441,sapmachine-17.0.5+4,75406362,True,32615
52c2ee0a-dce4-4733-9583-6a7620b95af7,2024-08-12T12:14:02.667441,sapmachine-11.0.17+4,75406388,True,29743
d2e1d912-28c6-4da1-91bc-b499a45f370c,2024-08-12T12:14:02.667441,sapmachine-18.0.2.1,75143311,False,53540
4fab1d82-549a-4f07-adae-a7e008356a5b,2024-08-12T12:14:02.667441,sapmachine-18.0.2.1+1,75062728,True,43097
0b222c08-240d-4019-94a0-03f11222ceb0,2024-08-12T12:14:02.667441,sapmachine-18.0.2+9,75102390,True,32559
8684b63e-676f-4112-96d2-39e8ebf8c108,2024-08-12T12:14:02.667441,sapmachine-17.0.4.1,75141647,False,211533
cf276c05-834a-40e9-827d-5721f9e8e389,2024-08-12T12:14:02.667441,sapmachine-20+11,75032775,True,32956
eb665c91-6548-423d-961b-ea7c83244980,2024-08-12T12:14:02.667441,sapmachine-17.0.4.1+1,75021450,True,32568
a3b77b24-902b-45a1-904c-18d9d13ba317,2024-08-12T12:14:02.667441,sapmachine-17.0.5+3,74891743,True,29755
c4fae84f-a73f-4414-b8b3-7de320a817c5,2024-08-12T12:14:02.667441,sapmachine-11.0.17+3,74891877,True,29916
f0638dea-b6cd-4460-90ae-5d032ecffb61,2024-08-12T12:14:02.667441,sapmachine-19+36,74788466,True,35475
eee233c3-496b-4b6f-9962-02af57de7236,2024-08-12T12:14:02.667441,sapmachine-11.0.16.1,75103971,False,103314
ebcd8c82-3f8a-4eb7-9665-5c0d4de9bdb9,2024-08-12T12:14:02.667441,sapmachine-11.0.16.1+1,74650642,True,29839
66c8472b-af4a-4002-8594-fe9a4e48c0ce,2024-08-12T12:14:02.667441,sapmachine-20+10,74482262,True,32985
280c4e55-4260-45af-a945-3a8d9ac746f9,2024-08-12T12:14:02.667441,sapmachine-19+35,74482430,True,32842
b7479615-7d8b-4035-972c-64af541b73db,2024-08-12T12:14:02.667441,sapmachine-17.0.5+2,74482446,True,29874
9da40298-e0c6-4ef9-8a28-9bf840616884,2024-08-12T12:14:02.667441,sapmachine-11.0.17+2,74484558,True,29853
c96e8e92-88c0-4fe0-9f40-8caf6ec14314,2024-08-12T12:14:02.667441,sapmachine-20+9,74051232,True,34152
576be425-fb98-403a-bd61-b24951d66823,2024-08-12T12:14:02.667441,sapmachine-19+34,74051326,True,33504
a4c126cd-a579-42e7-9081-2e2d123cabc8,2024-08-12T12:14:02.667441,sapmachine-17.0.5+1,73714871,True,30141
ab335729-da6d-4107-9586-f7f185beaacb,2024-08-12T12:14:02.667441,sapmachine-11.0.17+1,73716173,True,30182
19812981-2eea-4da6-bf8b-27ffea419121,2024-08-12T12:14:02.667441,sapmachine-20+8,73222415,True,34223
6de88dfa-a233-4b63-ab32-c2aaa56785bc,2024-08-12T12:14:02.667441,sapmachine-19+33,73222525,True,33635
694efb76-fb40-4f98-b15d-b977367d25e8,2024-08-12T12:14:02.667441,sapmachine-20+7,72660635,True,33596
2b5b58d9-7092-4758-b4ec-7b1cc55b0f45,2024-08-12T12:14:02.667441,sapmachine-19+32,72660695,True,33432
2ba9bd3c-070c-4589-99a2-45898a79a346,2024-08-12T12:14:02.667441,sapmachine-17.0.4+8,72408271,True,33726
7e2ac69a-d16f-4ef1-aff7-dafc04e7be60,2024-08-12T12:14:02.667441,sapmachine-20+6,72279278,True,33835
9fa16eb0-0898-48cf-8e90-ec244c92174d,2024-08-12T12:14:02.667441,sapmachine-11.0.16+8,72370600,True,30629
3c90e84b-f07d-4a38-89b9-95333cf7a027,2024-08-12T12:14:02.667441,sapmachine-11.0.16,72372178,False,100809
63054dde-d7ee-4d53-b6a2-ae11928d5608,2024-08-12T12:14:02.667441,sapmachine-18.0.2,72370892,False,43559
c228e5a0-a3be-407a-83ee-081657c5554a,2024-08-12T12:14:02.667441,sapmachine-17.0.4,72368981,False,65309
40e5358d-dcae-49c9-8fa3-03999b884f4f,2024-08-12T12:14:02.667441,sapmachine-19+31,72050669,True,33981
a38d9e4c-8a39-4264-8099-c4c7130fffbd,2024-08-12T12:14:02.667441,sapmachine-20+5,71610326,True,34027
421b00b1-249a-4c49-a179-21cfbf673786,2024-08-12T12:14:02.667441,sapmachine-19+30,71610321,True,33829
650026bd-12cc-40b9-92ac-bd43d2739d33,2024-08-12T12:14:02.667441,sapmachine-20+4,71234195,True,33786
41eb5d6d-017e-49c0-acc3-c714abc14cad,2024-08-12T12:14:02.667441,sapmachine-19+29,71234202,True,33864
2c45e8b4-65b3-4401-be74-acf622985d27,2024-08-12T12:14:02.667441,sapmachine-20+3,70695010,True,34010
daa839b6-ccbe-450f-8669-31ddf131e3a6,2024-08-12T12:14:02.667441,sapmachine-19+28,70568460,True,34313
ae150212-b3fd-49cb-9896-3afd3fe5e156,2024-08-12T12:14:02.667441,sapmachine-20+2,70542901,True,34125
6af352c6-af24-402c-9dfd-0dbb90e7d6d4,2024-08-12T12:14:02.667441,sapmachine-19+27,69995733,True,34604
67afc57f-10b4-475d-aeb1-16f07e70864b,2024-08-12T12:14:02.667441,sapmachine-17.0.4+7,69995983,True,31404
1cef462f-4a1f-48ac-9740-7ce6ed371647,2024-08-12T12:14:02.667441,sapmachine-11.0.16+7,69997228,True,31354
633b5247-761c-47e4-af23-df2454744936,2024-08-12T12:14:02.667441,sapmachine-20+1,69473926,True,34587
b79089b5-5a8c-4532-b7c4-b97f1137ac5a,2024-08-12T12:14:02.667441,sapmachine-19+26,69473995,True,34840
4cd8c7b0-da27-482c-a5c3-25249fc71954,2024-08-12T12:14:02.667441,sapmachine-11.0.16+6,69201683,True,31748
b902e9b7-c80b-4cfe-9361-76f74c1111c4,2024-08-12T12:14:02.667441,sapmachine-17.0.4+6,69112906,True,31777
f19987c3-3e25-4e5e-af57-3e2fec35b1eb,2024-08-12T12:14:02.667441,sapmachine-19+25,68899804,True,35145
83db6e54-a08d-4cf6-9e1d-a1fdc4accbfa,2024-08-12T12:14:02.667441,sapmachine-17.0.4+5,68499443,True,31889
71bdf6b1-0c42-46db-854c-40dc51897cd6,2024-08-12T12:14:02.667441,sapmachine-11.0.16+5,68501056,True,32009
70704ef1-2a11-4924-8da1-98c78de45834,2024-08-12T12:14:02.667441,sapmachine-19+24,68133344,True,35271
eaf0c5d6-528b-449f-9b23-bb5524682fbc,2024-08-12T12:14:02.667441,sapmachine-17.0.4+4,68119593,True,31908
ccbd3ed5-33f6-435f-8faa-cf5c91c2b257,2024-08-12T12:14:02.667441,sapmachine-11.0.16+4,68114796,True,31992
91e772a2-f0a0-4fd4-862c-0f8bf2712a2f,2024-08-12T12:14:02.667441,sapmachine-19+23,67448347,True,35788
2703ac78-3383-47c2-8485-714206edf462,2024-08-12T12:14:02.667441,sapmachine-17.0.4+3,67443044,True,32571
6af8a052-7c13-43b3-8ad9-9e6175d62c3c,2024-08-12T12:14:02.667441,sapmachine-11.0.16+3,67443193,True,25140
47c17299-3900-4524-a049-1b7ec3627057,2024-08-12T12:14:02.667441,sapmachine-19+22,67131026,True,35495
06d40852-4066-4ad6-86f6-e90b74da20f2,2024-08-12T12:14:02.667441,sapmachine-17.0.4+2,67024253,True,32373
e1cd4152-3830-4548-a897-f385f55e40e3,2024-08-12T12:14:02.667441,sapmachine-11.0.16+2,67024579,True,25016
3c5018e9-60d2-4076-9753-370f70ae3215,2024-08-12T12:14:02.667441,sapmachine-19+21,66454724,True,35640
098e3eb0-ce82-43c0-808a-17558231c44c,2024-08-12T12:14:02.667441,sapmachine-17.0.4+1,66277442,True,32537
8f9d0e30-60c8-494c-ad79-aa54a244578c,2024-08-12T12:14:02.667441,sapmachine-11.0.16+1,66277691,True,25083
1c43f9a1-d7b2-4283-bf6e-18d9168ee140,2024-08-12T12:14:02.667441,sapmachine-18.0.1.1,66160612,False,49199
6583a6d8-400c-4213-96c9-cdc93e2555f5,2024-08-12T12:14:02.667441,sapmachine-18.0.1.1+2,66141032,True,32428
e31dfc38-3843-4183-83f4-148327c3766a,2024-08-12T12:14:02.667441,sapmachine-19+20,65664918,True,36285
0c30ad6a-ca06-4753-a393-55c2b5dd792a,2024-08-12T12:14:02.667441,sapmachine-17.0.3.0.1,65560463,False,178357
74bc99ef-5dbb-4b88-a577-6865c64674c8,2024-08-12T12:14:02.667441,sapmachine-11.0.15.0.1,65565426,False,116576
30dcf3f5-7191-420a-9920-e9e8b79c2dcc,2024-08-12T12:14:02.667441,sapmachine-19+19,65433566,True,32939
816a234c-8aaa-461e-8010-ab4eacf68133,2024-08-12T12:14:02.667441,sapmachine-17.0.3+7,65293567,True,32832
f211fc8b-0c53-4373-b551-4e01ecf7ca83,2024-08-12T12:14:02.667441,sapmachine-18.0.1+10,65218135,True,32922
7cde043f-ec6a-4e28-8210-dcfa3d5deca4,2024-08-12T12:14:02.667441,sapmachine-17.0.3+6,65215848,True,32933
92d49cd7-bdd8-4158-b96d-fdf2472eac62,2024-08-12T12:14:02.667441,sapmachine-11.0.15+10,65200853,True,25483
fd2b0436-1490-4699-b412-668bd6be3609,2024-08-12T12:14:02.667441,sapmachine-19+18,65024490,True,33002
fc5ec84c-027a-4655-8a11-bf42c579d91b,2024-08-12T12:14:02.667441,sapmachine-11.0.15+9,64935363,True,25522
64921b19-6c62-4b08-8485-d5b42ea26894,2024-08-12T12:14:02.667441,sapmachine-18.0.1,64782703,False,39694
9f3a08bc-941c-4e4b-8ae6-b4cbbd3f85e5,2024-08-12T12:14:02.667441,sapmachine-17.0.3,64783616,False,41186
90c7bcd9-fe37-4443-856d-f1c17773b8c8,2024-08-12T12:14:02.667441,sapmachine-11.0.15,64783940,False,44292
afce50b1-7d8d-4ef0-b826-1033f9a9f152,2024-08-12T12:14:02.667441,sapmachine-19+17,64014829,True,33974
9b71ff01-f5d8-41a7-8635-374de55d56e3,2024-08-12T12:14:02.667441,sapmachine-18.0.1+1,63838548,True,33376
3e5c363c-d849-414d-8408-2f85113d4ce9,2024-08-12T12:14:02.667441,sapmachine-19+16,63514988,True,33826
67c1a30c-e373-4521-8a26-100a0847f418,2024-08-12T12:14:02.667441,sapmachine-11.0.15+8,63214178,True,26002
d0e042ce-518c-4cfb-b3ea-d3c6c9bcaea7,2024-08-12T12:14:02.667441,sapmachine-19+15,62881663,True,34135
2d731c8c-6629-4447-84b8-fbf13c4c145d,2024-08-12T12:14:02.667441,sapmachine-17.0.3+5,62826627,True,33966
dca727ca-d4fb-401f-bf59-d1a8a1564e9a,2024-08-12T12:14:02.667441,sapmachine-11.0.15+7,62826734,True,26301
f3ef0b00-aad9-4b9e-a389-7937d868fe2e,2024-08-12T12:14:02.667441,sapmachine-19+14,62286331,True,34470
e08298f3-d87c-455e-9500-4a78ae55c985,2024-08-12T12:14:02.667441,sapmachine-11.0.15+6,62286411,True,26327
942c8f29-900b-48ee-87e6-0ea87cb9fa3b,2024-08-12T12:14:02.667441,sapmachine-18,62373994,False,52593
8a263ac9-4e81-4aaa-b6ee-91f367a485ee,2024-08-12T12:14:02.667441,sapmachine-19+13,61557688,True,34556
9acec320-b535-4d26-a408-384c7a39fa08,2024-08-12T12:14:02.667441,sapmachine-11.0.15+5,61558031,True,26615
fd8a0790-bbd4-486d-a088-4f89c760dbd2,2024-08-12T12:14:02.667441,sapmachine-19+12,61224971,True,34660
2d9b1617-bddf-4b71-bc09-56d325d010dc,2024-08-12T12:14:02.667441,sapmachine-17.0.3+4,60951269,True,34628
90a520f0-273b-4fe4-a98c-d1490a9d65d4,2024-08-12T12:14:02.667441,sapmachine-11.0.15+4,60952402,True,26699
be2568ca-211a-4c8b-b353-d9e04cbb7d41,2024-08-12T12:14:02.667441,sapmachine-19+11,60523845,True,34896
c069b7f0-9d5c-4c1b-bba6-e9d66cf6806f,2024-08-12T12:14:02.667441,sapmachine-17.0.3+3,60523959,True,34664
5b15ed83-d5b0-46fe-a433-1d814cf6f892,2024-08-12T12:14:02.667441,sapmachine-11.0.15+3,60525005,True,26952
a3bf028a-4b4d-43f7-ac9e-8e54b56d0a11,2024-08-12T12:14:02.667441,sapmachine-19+10,60106070,True,34969
2b33efd5-0241-45a9-80ad-d39d29bd3de0,2024-08-12T12:14:02.667441,sapmachine-17.0.3+2,59864814,True,35123
0ee51cac-3d6b-4bb5-91ef-f18d989e39cc,2024-08-12T12:14:02.667441,sapmachine-11.0.15+2,59865012,True,27172
9c82569f-f1a9-4ad0-a8a6-9655a04b57c1,2024-08-12T12:14:02.667441,sapmachine-18+36,59684195,True,35865
dd6fec18-a453-4bf9-a160-812ec852a6d6,2024-08-12T12:14:02.667441,sapmachine-19+9,59309909,True,35388
84a16d0e-ea1f-4e4c-9c01-3db490d724ed,2024-08-12T12:14:02.667441,sapmachine-18+35,59310244,True,35266
16ac7350-0a8d-4165-a644-5ab6996aae8a,2024-08-12T12:14:02.667441,sapmachine-17.0.3+1,59317447,True,35213
b560f10e-159b-4e52-9337-7344392c9c94,2024-08-12T12:14:02.667441,sapmachine-11.0.15+1,59317868,True,27242
906b6d56-6f63-47ad-a2c0-18d06c341a15,2024-08-12T12:14:02.667441,sapmachine-11.0.14.1,58939848,False,117023
7189b3b5-c4ec-44b8-af14-66b48f197021,2024-08-12T12:14:02.667441,sapmachine-19+8,58844288,True,35407
647a311e-bd66-4652-bd13-b66c2d7af593,2024-08-12T12:14:02.667441,sapmachine-11.0.14.1+1,58942653,True,27332
7a110e4e-8c62-43d7-b781-01b87e6500c3,2024-08-12T12:14:02.667441,sapmachine-18+34,58738670,True,35388
d7829104-4cc3-4724-94e1-d96f4eeab204,2024-08-12T12:14:02.667441,sapmachine-19+7,58239334,True,35704
238e6de1-501e-49f5-8be3-5eec23765df1,2024-08-12T12:14:02.667441,sapmachine-18+33,58239434,True,35763
8bcc1e5d-f675-4121-b208-e76f7428c5db,2024-08-12T12:14:02.667441,sapmachine-19+6,57573080,True,37193
64444f6a-9dd8-4da1-a9b5-514bd9fbd45c,2024-08-12T12:14:02.667441,sapmachine-18+32,57573604,True,37348
938d52f4-c7ed-41d8-a350-aa8283dffb58,2024-08-12T12:14:02.667441,sapmachine-17.0.2+8,57577754,True,36314
4dcfce26-2a24-4800-817b-ea82d2562474,2024-08-12T12:14:02.667441,sapmachine-11.0.14+9,57435036,True,28403
1a4dd8fe-fbcb-4e9b-9914-ba52e025072e,2024-08-12T12:14:02.667441,sapmachine-17.0.2,57405100,False,80783
5394be0a-8a49-4214-b52c-e00b0a61fc04,2024-08-12T12:14:02.667441,sapmachine-11.0.14,57403970,False,56748
a72c1406-6daf-4259-aa3b-2769e91c6899,2024-08-12T12:14:02.667441,sapmachine-19+5,57102154,True,38988
6f1a6ed2-922d-4de3-a025-cef24babc41a,2024-08-12T12:14:02.667441,sapmachine-18+31,57007292,True,39526
a9dd14ea-5cbd-4e11-b458-acbb48c09d0f,2024-08-12T12:14:02.667441,sapmachine-19+4,56648755,True,39639
c93b3054-ac0d-47b2-9823-d9cf06ec7eb0,2024-08-12T12:14:02.667441,sapmachine-18+30,56648847,True,40001
b932885d-97b0-4c88-9a57-e5d956fa2efe,2024-08-12T12:14:02.667441,sapmachine-19+3,56164406,True,39910
35b3e281-ff39-4ef2-a59c-37503cb1267d,2024-08-12T12:14:02.667441,sapmachine-18+29,56165224,True,40340
06992568-4505-4006-a617-7f76c034a225,2024-08-12T12:14:02.667441,sapmachine-11.0.14+8,56164242,True,29589
b3491754-069b-4b14-bf14-40c0599bf688,2024-08-12T12:14:02.667441,sapmachine-18+28,55744933,True,38112
53c6c7be-5876-4085-ba27-5cf00cd76cdf,2024-08-12T12:14:02.667441,sapmachine-11.0.14+7,55446683,True,29683
feb8e886-3431-4523-8826-2ae6d6480beb,2024-08-12T12:14:02.667441,sapmachine-18+27,55286859,True,40533
ede69a20-8eb5-49c6-a33f-610cd9d5a2bb,2024-08-12T12:14:02.667441,sapmachine-18+26,55274322,True,40197
0ee51832-7eac-4cec-8113-ac0709bfdb01,2024-08-12T12:14:02.667441,sapmachine-17.0.2+1,55183774,True,38636
57c976c2-e3ef-4e4a-9181-96a3b3585303,2024-08-12T12:14:02.667441,sapmachine-11.0.14+6,55148729,True,29653
0b359dc4-6b97-45b4-9d4d-3a74a331caeb,2024-08-12T12:14:02.667441,sapmachine-11.0.14+5,54545424,True,29860
3f15e743-8044-49c8-8eed-2deaf32486fd,2024-08-12T12:14:02.667441,sapmachine-18+25,54218518,True,41126
9c7895ea-716c-4ece-89aa-823e55135bb6,2024-08-12T12:14:02.667441,sapmachine-11.0.14+4,54161500,True,29795
4273bf50-6535-45d0-928c-63170abc8ad4,2024-08-12T12:14:02.667441,sapmachine-18+24,53881724,True,40805
2e0bcf28-0ddb-49a0-9175-c7038d35f458,2024-08-12T12:14:02.667441,sapmachine-11.0.14+3,53687566,True,30062
3ba65a1b-a6e3-4350-b0dd-f28da03436a8,2024-08-12T12:14:02.667441,sapmachine-18+23,53301092,True,41057
435302ee-b3b8-4e3e-9922-ed6ba279aa41,2024-08-12T12:14:02.667441,sapmachine-11.0.14+2,53301363,True,30078
9edbfe9e-1f82-4f04-89c6-fcd31172466d,2024-08-12T12:14:02.667441,sapmachine-11.0.14+1,53155364,True,30104
895aeea2-a7ce-4a66-b9a3-114fa834e94e,2024-08-12T12:14:02.667441,sapmachine-18+22,53093271,True,40766
c08c65cb-bdc8-4c34-be47-8a1d8b629ac8,2024-08-12T12:14:02.667441,sapmachine-18+21,52229058,True,41344
917e5b71-ab4a-4c47-a183-36468f9778a2,2024-08-12T12:14:02.667441,sapmachine-18+20,52006779,True,41015
a3ba9db5-71b5-47fb-a43f-64adb5dbc774,2024-08-12T12:14:02.667441,sapmachine-17.0.1+12,51747350,True,39186
ee961c1a-d329-4f0e-bc55-6e6182d45bfb,2024-08-12T12:14:02.667441,sapmachine-11.0.13+8,51746448,True,30400
aad27cba-e823-4f86-b93e-d94e08994e19,2024-08-12T12:14:02.667441,sapmachine-17.0.1,51804980,False,189299
b4cd1ef8-8e21-4da8-a430-0f096958820f,2024-08-12T12:14:02.667441,sapmachine-11.0.13,51636996,False,435021
fe0e46d1-a194-426c-ba25-a6c15f6a6268,2024-08-12T12:14:02.667441,sapmachine-18+19,51409765,True,41769
8bae5197-2f23-40b7-b1d3-69f9fd336238,2024-08-12T12:14:02.667441,sapmachine-18+18,50968870,True,41693
8f083f95-5c20-474a-8caa-783936e3f3cf,2024-08-12T12:14:02.667441,sapmachine-18+17,50639983,True,41644
606b2f64-d808-4c1e-9f9b-3b49c36dc96c,2024-08-12T12:14:02.667441,sapmachine-11.0.13+7,50472320,True,30818
d35676e8-617f-4112-8ba1-806dbe6b9b97,2024-08-12T12:14:02.667441,sapmachine-18+16,50312772,True,41630
66114f5b-aae0-4e34-9a2a-6281a9d6f9cc,2024-08-12T12:14:02.667441,sapmachine-11.0.13+6,50209479,True,30877
6efedca6-7622-4725-b4f8-93f58f00170d,2024-08-12T12:14:02.667441,sapmachine-18+15,49850841,True,42099
52666aba-007d-4c78-9fdd-6a93e566c1e3,2024-08-12T12:14:02.667441,sapmachine-17,49519526,False,82990
1b4c9849-65e8-4ae9-9cfa-fbe9d3694d81,2024-08-12T12:14:02.667441,sapmachine-18+14,49326409,True,42327
f6deb733-cf95-4c66-908c-09fc79e1d5d7,2024-08-12T12:14:02.667441,sapmachine-18+13,49008994,True,42182
b1253958-6024-4906-92db-bf57ff94322b,2024-08-12T12:14:02.667441,sapmachine-11.0.13+5,48857689,True,31133
9b00a899-8503-4338-a8e1-b1d8c4f8a428,2024-08-12T12:14:02.667441,sapmachine-18+12,48578216,True,42296
c43f76d5-11c1-45e0-9565-928c01fed990,2024-08-12T12:14:02.667441,sapmachine-11.0.13+4,48578192,True,31122
20b3b397-3c8f-45cb-9584-058f1fb65821,2024-08-12T12:14:02.667441,sapmachine-18+11,48331561,True,42135
d3513332-f178-4446-860e-0039ced42d5c,2024-08-12T12:14:02.667441,sapmachine-11.0.13+3,48340251,True,31181
3c7c1e89-d485-4c5e-8584-e9432ad30cb0,2024-08-12T12:14:02.667441,sapmachine-18+10,47783864,True,37836
374234ed-eb20-43c3-ba5f-5b489ded498d,2024-08-12T12:14:02.667441,sapmachine-11.0.13+2,47783825,True,31375
6b11930d-717f-446d-93b8-4c45f3b91e7c,2024-08-12T12:14:02.667441,sapmachine-17+35,47574173,True,42702
b9bb646a-9e15-411d-9ebe-c25244a264c2,2024-08-12T12:14:02.667441,sapmachine-18+9,47406679,True,37904
a9820d96-218b-47de-ade7-7581db15f031,2024-08-12T12:14:02.667441,sapmachine-17+34,47406601,True,35944
ad921e16-ffee-4052-a6f6-426f795f4155,2024-08-12T12:14:02.667441,sapmachine-11.0.13+1,47358292,True,31257
dbc78ce1-ff15-4684-9e43-d97ec1ab71a1,2024-08-12T12:14:02.667441,sapmachine-18+8,46986050,True,37915
08d4a358-ed45-4c6e-93e5-2db4751a3da8,2024-08-12T12:14:02.667441,sapmachine-17+33,46986076,True,36197
2722260e-0e8a-4ac7-a0b9-b8a8f5edf9e7,2024-08-12T12:14:02.667441,sapmachine-16.0.2,46612324,False,113551
2d503828-217b-4318-bdd4-f0b35490c526,2024-08-12T12:14:02.667441,sapmachine-18+7,46617830,True,38002
6d228e85-1cae-4e66-8d29-2654965beb5d,2024-08-12T12:14:02.667441,sapmachine-17+32,46616054,True,36346
e686d86a-e412-4acb-bf88-2840cc89a9c9,2024-08-12T12:14:02.667441,sapmachine-16.0.2+7,46612187,True,51430
41e2302d-719c-4965-a578-472e3a74f6b1,2024-08-12T12:14:02.667441,sapmachine-11.0.12+7,46509089,True,35979
79e89deb-19ae-44fe-8e28-b8c8225e7d37,2024-08-12T12:14:02.667441,sapmachine-11.0.12,46498867,False,489042
733919de-483d-482d-aaa5-b51a6340953d,2024-08-12T12:14:02.667441,sapmachine-18+6,46230609,True,37935
16695d2e-75c3-4cfd-9e25-ad7ab2751b3e,2024-08-12T12:14:02.667441,sapmachine-17+31,46230597,True,36331
ff44e105-f187-445e-a32e-3bb6f959f04b,2024-08-12T12:14:02.667441,sapmachine-18+5,45891691,True,38072
9a0e9d31-cf9f-472d-8410-efff967a2173,2024-08-12T12:14:02.667441,sapmachine-17+30,45891674,True,36216
2cb291ea-bea7-42da-9873-455b929fcc5f,2024-08-12T12:14:02.667441,sapmachine-18+4,45576110,True,42947
6f3fd066-2193-4c20-818f-1b37018907e7,2024-08-12T12:14:02.667441,sapmachine-17+29,45576091,True,41214
7b515644-1c12-423c-ae6b-6d7f933bf82f,2024-08-12T12:14:02.667441,sapmachine-11.0.12+6,45583982,True,36106
2cf5bcee-1182-43c6-907b-0ab75efcc984,2024-08-12T12:14:02.667441,sapmachine-18+3,45180527,True,42996
dbf34aba-46b6-4abb-bddf-2cc1ad3ea5a3,2024-08-12T12:14:02.667441,sapmachine-17+28,45180512,True,41041
20c92a9b-038d-49b9-9f95-af9a7d3cd44a,2024-08-12T12:14:02.667441,sapmachine-16.0.2+1,45078550,True,35567
bfade552-a184-49ab-a3e5-f229eeb6d1fa,2024-08-12T12:14:02.667441,sapmachine-18+2,44965143,True,41003
47d92e92-b4c9-4a30-9348-1ff6cf68cef7,2024-08-12T12:14:02.667441,sapmachine-18+1,44941894,True,42438
9dcd3ef6-b345-4254-b586-77dec02e8425,2024-08-12T12:14:02.667441,sapmachine-17+27,44965183,True,38974
999f62d5-a601-444e-9aa5-ccd29601964f,2024-08-12T12:14:02.667441,sapmachine-17+26,44844873,True,38902
204698a7-5fde-473b-82e3-9dfc10923044,2024-08-12T12:14:02.667441,sapmachine-17+25,44125770,True,32179
fc3f8f1a-337c-4751-a9b2-e9dc394cb378,2024-08-12T12:14:02.667441,sapmachine-11.0.12+5,44096745,True,36062
08acdbdc-4b74-4170-b789-89ae2b492463,2024-08-12T12:14:02.667441,sapmachine-17+24,43888357,True,36412
84bb3f4b-2416-4e02-ae85-c0429474af69,2024-08-12T12:14:02.667441,sapmachine-11.0.12+4,43888211,True,36220
aee0d73e-5308-4eac-bbc8-ffcb6e3d307a,2024-08-12T12:14:02.667441,sapmachine-17+23,43273456,True,37028
ea34123d-98d0-42f3-9c35-d2b7b0414a7a,2024-08-12T12:14:02.667441,sapmachine-11.0.12+3,43273320,True,36542
2c02ccac-f9a5-41d8-b5da-356fb7372eb0,2024-08-12T12:14:02.667441,sapmachine-17+22,42946626,True,36840
2321ffc8-8f71-4c8c-aab9-64bf9ee1babc,2024-08-12T12:14:02.667441,sapmachine-11.0.12+2,42944685,True,36581
84c4c187-c78d-41ba-be84-e831553a5c4e,2024-08-12T12:14:02.667441,sapmachine-17+21,42706742,True,36475
c24a201c-8ebc-4694-ad84-9331561c97ae,2024-08-12T12:14:02.667441,sapmachine-11.0.12+1,42682232,True,36493
44544a48-e994-44af-9f95-af8d23730379,2024-08-12T12:14:02.667441,sapmachine-17+20,42246571,True,36220
ec8969c6-cad0-4c14-a2cb-94b0eb29421d,2024-08-12T12:14:02.667441,sapmachine-17+19,41822764,True,36952
c4f3f424-795e-4173-8c37-8e6d55008714,2024-08-12T12:14:02.667441,sapmachine-16.0.1,41759412,False,60064
962126c0-588b-46ca-bc3e-837da92de056,2024-08-12T12:14:02.667441,sapmachine-16.0.1+9,41754644,True,36865
38d6f345-7d98-44cf-9a37-3476a9fd5929,2024-08-12T12:14:02.667441,sapmachine-11.0.11+9,41764905,True,36850
521630eb-9e26-4d95-890c-2cd8d0ef953a,2024-08-12T12:14:02.667441,sapmachine-17+18,41459689,True,36807
9299acd2-6a1f-4171-aa2e-709bde9e7fb2,2024-08-12T12:14:02.667441,sapmachine-17+17,41157819,True,33042
42ea92bf-c629-4075-8ac1-e4741c5333bc,2024-08-12T12:14:02.667441,sapmachine-11.0.11,41730420,False,207977
67ccade7-2f6c-4720-a50a-092e8e674950,2024-08-12T12:14:02.667441,sapmachine-17+16,40854761,True,33657
f4fd7798-18db-419e-ab96-9f8f29984e97,2024-08-12T12:14:02.667441,sapmachine-11.0.11+8,40771673,True,43611
1f6ca784-8c78-4af3-a9ab-07e4e700a089,2024-08-12T12:14:02.667441,sapmachine-17+15,40408896,True,36971
c3da1d67-0f88-4495-930e-42780cb2340a,2024-08-12T12:14:02.667441,sapmachine-16.0.1+1,40279715,True,37280
5fd53d0e-842d-48c4-b0af-bcc3c5607512,2024-08-12T12:14:02.667441,sapmachine-17+14,40046446,True,36183
be43932f-f27a-48cf-9ddc-e2cd6eb3c90e,2024-08-12T12:14:02.667441,sapmachine-11.0.11+7,40039801,True,36212
5696cb0f-aa02-49d5-9f7b-dc1984ff4d9b,2024-08-12T12:14:02.667441,sapmachine-16,39844832,False,54461
87deb006-b7fa-407c-970b-2360fa12036f,2024-08-12T12:14:02.667441,sapmachine-17+13,39646669,True,36381
e286e6dc-859e-4aa0-9a53-6e69143d687a,2024-08-12T12:14:02.667441,sapmachine-11.0.11+6,39644430,True,36260
7922a8ae-3dd0-450d-9731-5ba56badf94f,2024-08-12T12:14:02.667441,sapmachine-17+12,39276652,True,35899
bb9534aa-2f15-4d25-9dc5-6485cc8cbd87,2024-08-12T12:14:02.667441,sapmachine-11.0.11+5,39184472,True,35578
3e20fb41-5ea1-4e6b-b3b2-964c31565bf5,2024-08-12T12:14:02.667441,sapmachine-17+11,38788293,True,35681
d972e871-ba05-450a-ab34-149c622ff973,2024-08-12T12:14:02.667441,sapmachine-11.0.11+4,38788252,True,35641
ad7a4dee-e12a-41a4-b6a4-43ee43aebe82,2024-08-12T12:14:02.667441,sapmachine-17+10,38293646,True,35647
85911ab5-e2be-433b-9301-76a9a066da58,2024-08-12T12:14:02.667441,sapmachine-11.0.11+3,38188331,True,35840
94634802-c139-4609-8bd1-626a9a23ab7d,2024-08-12T12:14:02.667441,sapmachine-17+9,37987898,True,35920
eb15ae41-57cf-4065-aeda-94ff297ae372,2024-08-12T12:14:02.667441,sapmachine-16+36,37925512,True,34565
0fe36b7c-043a-4b6c-882a-ca07f0ee5596,2024-08-12T12:14:02.667441,sapmachine-11.0.11+2,37906145,True,34335
257b8ca6-7fa0-4bdb-bab2-9a9880085275,2024-08-12T12:14:02.667441,sapmachine-17+8,37723771,True,34126
e8d46e8b-5d6d-4703-8a63-de0be2e25579,2024-08-12T12:14:02.667441,sapmachine-16+35,37438102,True,36095
64e638de-8f92-4ab7-bee9-21d89a46b053,2024-08-12T12:14:02.667441,sapmachine-11.0.11+1,37438076,True,36038
9b925013-da86-4436-b567-9f9177fddb8b,2024-08-12T12:14:02.667441,sapmachine-17+7,37078040,True,34890
d86b84ee-6424-4446-9206-2140dc1a8281,2024-08-12T12:14:02.667441,sapmachine-16+34,37078066,True,36034
9453f2ef-ee46-4245-89af-41fdc787db6c,2024-08-12T12:14:02.667441,sapmachine-15.0.2,36751903,False,89371
c6af72b8-0f4e-4843-a86a-49684bad12d5,2024-08-12T12:14:02.667441,sapmachine-17+6,36723017,True,36342
170709d0-3fa0-43ab-9dbb-635a9ced402e,2024-08-12T12:14:02.667441,sapmachine-16+33,36723034,True,36519
6d525c86-4b7f-4787-b086-7acf745e97b0,2024-08-12T12:14:02.667441,sapmachine-15.0.2+7,36722970,True,46061
53a63466-b75e-4d97-a4ef-dae15d2a3718,2024-08-12T12:14:02.667441,sapmachine-11.0.10+9,36646573,True,36757
163aefd1-8e4e-4033-b6da-31db3330a7fe,2024-08-12T12:14:02.667441,sapmachine-11.0.10,36625952,False,173195
121a57fc-0dd7-4a9f-955f-ec34042aa1da,2024-08-12T12:14:02.667441,sapmachine-17+5,36376441,True,36388
ae1d59c4-f03e-4572-984d-1df30106b970,2024-08-12T12:14:02.667441,sapmachine-16+32,36376456,True,36400
f7a41355-ea39-4e0e-a761-de889d30b6bb,2024-08-12T12:14:02.667441,sapmachine-17+4,36215862,True,36415
9562d0a1-c7aa-4891-aafc-b01dac625844,2024-08-12T12:14:02.667441,sapmachine-16+31,36215868,True,36457
4e8f26a8-3d4d-4052-ab1f-03eda76781d6,2024-08-12T12:14:02.667441,sapmachine-17+3,35742423,True,37099
a53779da-6ef4-4d99-85fd-6ba250ace361,2024-08-12T12:14:02.667441,sapmachine-16+30,35742431,True,36752
82d20f47-a04a-49ff-9c87-b0903143a4b6,2024-08-12T12:14:02.667441,sapmachine-11.0.10+8,35724588,True,36578
8f1ca886-0df4-4c2e-b07e-a6759d438161,2024-08-12T12:14:02.667441,sapmachine-17+2,35470482,True,36822
541b29d8-1e7a-46a4-a733-c3b7aa4f591d,2024-08-12T12:14:02.667441,sapmachine-16+29,35475355,True,36709
1dab2fc4-dec8-4e99-8f83-9c62f9650c38,2024-08-12T12:14:02.667441,sapmachine-11.0.10+7,35459463,True,36779
d72d244a-c7d5-477a-ad4e-9193a4bff76d,2024-08-12T12:14:02.667441,sapmachine-17+1,35157035,True,36935
caff02f3-f508-460d-8ce8-3382fa1218df,2024-08-12T12:14:02.667441,sapmachine-17+0,35146633,True,35504
d8553392-e328-454d-ab6f-056a17121416,2024-08-12T12:14:02.667441,sapmachine-16+28,35154605,True,36851
26ea4f9b-c8fb-44c5-8287-02db68d0027d,2024-08-12T12:14:02.667441,sapmachine-11.0.10+6,35090552,True,36880
8bde5107-dfa0-4b98-929f-0b2b40196e44,2024-08-12T12:14:02.667441,sapmachine-16+27,34755870,True,36832
a2bc303b-7064-45dc-86cf-fc3345d252aa,2024-08-12T12:14:02.667441,sapmachine-11.0.10+5,34742386,True,36844
85f68d0b-c4b7-479f-8caa-85d2ec020650,2024-08-12T12:14:02.667441,sapmachine-16+26,34579287,True,37137
1513124e-b501-47b9-8abb-b388e8c22f71,2024-08-12T12:14:02.667441,sapmachine-11.0.10+4,34450171,True,35341
0de0b04f-9a4b-4eea-afe2-9427a755ebd9,2024-08-12T12:14:02.667441,sapmachine-16+25,34169796,True,37298
d239c42a-1269-46e6-ad9b-f3d346149a27,2024-08-12T12:14:02.667441,sapmachine-11.0.10+3,34169163,True,35460
84b09a76-b27b-4276-8568-3b5b5638eb14,2024-08-12T12:14:02.667441,sapmachine-16+24,33948365,True,37299
7300140d-7491-4f0a-b781-aa1f1a59ed0a,2024-08-12T12:14:02.667441,sapmachine-11.0.10+2,33808922,True,37248
fcba0c77-42b7-401e-9859-5cf269ffa2de,2024-08-12T12:14:02.667441,sapmachine-11.0.9.1,33496967,False,133778
c0835b71-bcf6-478c-9009-28e6e3736a3e,2024-08-12T12:14:02.667441,sapmachine-16+23,33535525,True,37461
6d991eac-8915-4d20-9b80-f610c14825df,2024-08-12T12:14:02.667441,sapmachine-11.0.9.1+1,33500032,True,37498
a00f5047-abb2-49f2-894c-5f48a70614ca,2024-08-12T12:14:02.667441,sapmachine-11.0.10+1,33535440,True,37372
a1ac672e-361d-4faa-93f3-15fc71e9cc36,2024-08-12T12:14:02.667441,sapmachine-16+22,33249298,True,35807
e08ed008-ca4a-444e-ab3c-b80dd8e2e203,2024-08-12T12:14:02.667441,sapmachine-16+21,32929722,True,37650
e2d44f86-2bd5-4792-8383-ad485f5d9a1b,2024-08-12T12:14:02.667441,sapmachine-15.0.1,32898848,False,69963
4e10437e-4abb-40b2-ba89-228796cdfdd5,2024-08-12T12:14:02.667441,sapmachine-11.0.9,32898755,False,114316
a80e6b7a-f41a-43a3-99bf-fe0335165d54,2024-08-12T12:14:02.667441,sapmachine-15.0.1+9,32886148,True,37680
16d1c37c-54ce-42d8-a32d-3cf5b0b37206,2024-08-12T12:14:02.667441,sapmachine-11.0.9+11,32886127,True,37683
2bb4ce9d-8d03-473a-843d-ea0a39649e38,2024-08-12T12:14:02.667441,sapmachine-16+20,32765145,True,37700
d516face-5aea-4036-8249-1f1d5081da02,2024-08-12T12:14:02.667441,sapmachine-16+19,32662463,True,37600
7bdd05f4-01ef-4d6b-93df-603ea6c2c20b,2024-08-12T12:14:02.667441,sapmachine-16+18,32643220,True,37718
6f4d13e9-5765-45a3-9b7e-4e5f585e3acb,2024-08-12T12:14:02.667441,sapmachine-16+17,32612621,True,37840
e9d0041f-049a-4b4f-b5a1-2b18b038c376,2024-08-12T12:14:02.667441,sapmachine-16+16,32600386,True,37727
8b9ebc2f-fa17-400e-9e21-71d55fb13818,2024-08-12T12:14:02.667441,sapmachine-16+15,32568577,True,35950
db74efc7-a532-42b7-824a-a5d5d9142181,2024-08-12T12:14:02.667441,sapmachine-11.0.9+9,32099269,True,38079
46491667-3ccd-4ca8-b35f-27bd688edede,2024-08-12T12:14:02.667441,sapmachine-11.0.9+10,32117388,True,38290
9ee9170f-de27-4010-9370-897be315724c,2024-08-12T12:14:02.667441,sapmachine-11.0.9+8,31449644,True,38252
7c35ffae-d568-483f-9953-f8f51790a4a3,2024-08-12T12:14:02.667441,sapmachine-11.0.9+7,31366933,True,38420
28d3e23b-067f-4894-9fd5-4b01a4151c35,2024-08-12T12:14:02.667441,sapmachine-16+14,30793040,True,38403
ef5b8ea9-cfc4-447f-8898-8634c9795d5d,2024-08-12T12:14:02.667441,sapmachine-11.0.9+6,30793055,True,34265
ebb6f9ef-c085-4344-8236-e865b8e26ee0,2024-08-12T12:14:02.667441,sapmachine-16+13,30427935,True,32371
f79405ec-cce3-41dc-8995-0176cc27e389,2024-08-12T12:14:02.667441,sapmachine-11.0.9+5,30210101,True,34315
c21e0ad7-e113-41d4-aaed-700fe801453f,2024-08-12T12:14:02.667441,sapmachine-11.0.9+4,30078850,True,34281
54dc466c-3196-49d4-9dba-5cb4b59b69ab,2024-08-12T12:14:02.667441,sapmachine-16+12,30007028,True,38859
98cb63f5-b5a4-4f91-a613-3c50ede212ff,2024-08-12T12:14:02.667441,sapmachine-15,31379215,False,81101
ff32a345-bb21-40b5-8d39-0bc2b00f96a4,2024-08-12T12:14:02.667441,sapmachine-16+11,29715953,True,34386
3d5a52db-01fc-4942-bc87-b86aec439644,2024-08-12T12:14:02.667441,sapmachine-15+36,29686737,True,38881
b9af9e0f-aa80-42a8-b28e-2b03a710e201,2024-08-12T12:14:02.667441,sapmachine-11.0.9+3,29686711,True,34462
aa7e3f9e-a7e8-4004-80e9-f0f88ffac7e6,2024-08-12T12:14:02.667441,sapmachine-16+9,29444171,True,32832
de40bb51-cfd9-4f32-ae11-0814ace321d2,2024-08-12T12:14:02.667441,sapmachine-16+10,29448984,True,34432
c30622f0-9241-4d10-b882-24ecfd3e71e7,2024-08-12T12:14:02.667441,sapmachine-15+35,29397932,True,34635
55b8f87d-5e0d-4549-8f22-ca62bf4b8fe5,2024-08-12T12:14:02.667441,sapmachine-11.0.9+2,29363543,True,34634
027bb3d0-7cdb-44ee-ae11-45d09c37d414,2024-08-12T12:14:02.667441,sapmachine-16+8,29113849,True,32659
89090860-0490-4643-8caa-f8554d66225c,2024-08-12T12:14:02.667441,sapmachine-15+34,29111262,True,31163
f72fceb7-0823-4df8-b0f5-3bf5d249374b,2024-08-12T12:14:02.667441,sapmachine-11.0.9+1,29072563,True,34646
6391d81d-eeec-48cb-b0bf-edb5e89e29e2,2024-08-12T12:14:02.667441,sapmachine-16+7,28863698,True,34748
22e9b126-0d29-4027-a049-fe9e817de937,2024-08-12T12:14:02.667441,sapmachine-15+33,28863712,True,34840
4ae52f76-6fa8-454a-8321-960cad12d2ce,2024-08-12T12:14:02.667441,sapmachine-16+6,28731176,True,34641
86084bd3-c814-4407-a6a8-8bcb6d43435d,2024-08-12T12:14:02.667441,sapmachine-15+32,28731182,True,34689
38d8b5b9-9e5d-4edf-9242-85dcef9dd66d,2024-08-12T12:14:02.667441,sapmachine-14.0.2,28622206,False,65822
eecaf31a-904c-4e95-a7a4-b84ae9104b71,2024-08-12T12:14:02.667441,sapmachine-11.0.8,28580678,False,1548454
b2a9f68a-be3d-45cc-a616-bfe02e372f39,2024-08-12T12:14:02.667441,sapmachine-14.0.2+12,28574106,True,41226
46299bcf-eac1-43ab-bac3-54eefefc4ed5,2024-08-12T12:14:02.667441,sapmachine-16+5,28552890,True,34672
56149c64-8361-4e5e-949b-d6de241d7cbd,2024-08-12T12:14:02.667441,sapmachine-15+31,28475126,True,34826
a38b4344-1b33-4923-8c48-926f1bf0ca38,2024-08-12T12:14:02.667441,sapmachine-14.0.2+1,28353382,True,34628
ce119a5e-a667-4489-b448-664156af2447,2024-08-12T12:14:02.667441,sapmachine-16+4,28214658,True,34598
bd764e67-ed98-4404-bc63-9cf75ad22497,2024-08-12T12:14:02.667441,sapmachine-15+30,28214653,True,34668
6be6ae4d-b871-412f-bb93-748b725c240d,2024-08-12T12:14:02.667441,sapmachine-16+3,28012015,True,32526
445d6a9b-f67f-4b55-a047-7662f8ca5915,2024-08-12T12:14:02.667441,sapmachine-11.0.8+8,28018150,True,34791
19ed427f-e83b-4ecf-8056-488b0e0eda2f,2024-08-12T12:14:02.667441,sapmachine-11.0.8+10,28574117,True,34856
10a2c4c9-a8e0-488e-9554-43dd6643c50f,2024-08-12T12:14:02.667441,sapmachine-15+29,27979932,True,34779
3564f5fd-1374-4d7e-90cc-f05ef849a6fd,2024-08-12T12:14:02.667441,sapmachine-16+2,27758139,True,32543
7ec300d8-7ced-4aad-89a7-97a8af4fd74b,2024-08-12T12:14:02.667441,sapmachine-15+28,27758145,True,34756
1286df8f-4b1d-4d90-8cf0-125ba41393e5,2024-08-12T12:14:02.667441,sapmachine-16+1,27665244,True,34909
e59352a1-327f-4556-9d58-f053b6fd7cc3,2024-08-12T12:14:02.667441,sapmachine-15+27,27584744,True,28004
6e1c2658-0e7c-4367-91ed-273e6b7d0fde,2024-08-12T12:14:02.667441,sapmachine-11.0.8+7,27581808,True,34558
18a0f507-524f-49a0-a2eb-5a6d8f2816f5,2024-08-12T12:14:02.667441,sapmachine-15+26,27284082,True,34924
75554d51-625e-4a75-96d4-1b724b3f5fc4,2024-08-12T12:14:02.667441,sapmachine-11.0.8+6,27284086,True,31427
8e09e4d4-8561-486a-9cf6-9a6dadc0dd79,2024-08-12T12:14:02.667441,sapmachine-15+25,27065560,True,34610
36300c6f-0354-48de-be96-e4590a4c2980,2024-08-12T12:14:02.667441,sapmachine-11.0.8+5,27014844,True,34724
60a58d45-04f4-40dc-92c4-2133c5f6882f,2024-08-12T12:14:02.667441,sapmachine-15+24,26880185,True,34608
caa5f57f-ddab-4ea0-a27d-b87ae4d9d666,2024-08-12T12:14:02.667441,sapmachine-11.0.8+4,26821395,True,32587
5f699895-2a69-492c-b198-a3805be5914d,2024-08-12T12:14:02.667441,sapmachine-15+23,26581318,True,34458
2b609219-d954-47f9-91df-87cb8317a85e,2024-08-12T12:14:02.667441,sapmachine-11.0.8+3,26581321,True,34595
e5654f6a-c20e-435d-8abd-d1a124450679,2024-08-12T12:14:02.667441,sapmachine-15+22,26448714,True,24700
eabc1a67-cc4d-4837-bd95-240c2d8fa490,2024-08-12T12:14:02.667441,sapmachine-11.0.8+2,26335059,True,34476
93a0ce5a-fcc9-4cce-8449-35409ce8f6ca,2024-08-12T12:14:02.667441,sapmachine-15+21,26112603,True,32750
4a4d9e28-566b-4153-b91b-afbbb7501665,2024-08-12T12:14:02.667441,sapmachine-11.0.8+1,26070821,True,34585
27f95aa1-f438-46d8-8cd4-3ae07fc2535b,2024-08-12T12:14:02.667441,sapmachine-15+20,25871813,True,34525
91de361e-bbc9-476d-8b64-66567cf3af0f,2024-08-12T12:14:02.667441,sapmachine-15+19,25610717,True,34462
86d7010a-6607-427d-aaab-d1fbbcfd26f9,2024-08-12T12:14:02.667441,sapmachine-14.0.1,25562726,False,41686
9bca441c-f3c2-40d2-8b14-eb427e1647c3,2024-08-12T12:14:02.667441,sapmachine-11.0.7,25525566,False,760269
d6b78afe-96c4-40a2-95ed-75d61c2981d7,2024-08-12T12:14:02.667441,sapmachine-14.0.1+7,25553204,True,34625
13269743-9a27-419c-9d4a-adfdb7296049,2024-08-12T12:14:02.667441,sapmachine-11.0.7+10,25518109,True,34565
a2451850-9884-40a9-9eb2-59283cd2c437,2024-08-12T12:14:02.667441,sapmachine-15+18,25500472,True,34470
d6868e34-5a52-4cc3-9bb8-8b920017eb78,2024-08-12T12:14:02.667441,sapmachine-14.0.1+1,25484158,True,34461
07d33ef0-d783-44aa-930c-654eb56693fa,2024-08-12T12:14:02.667441,sapmachine-15+17,25259860,True,34533
f18b784c-6cf4-4cbf-a3c7-0df80bc5dd5d,2024-08-12T12:14:02.667441,sapmachine-15+16,24953646,True,34402
a7e2e20f-eb83-4033-be61-1f539c7e047d,2024-08-12T12:14:02.667441,sapmachine-11.0.7+9,24915900,True,34535
ac4c834e-8d94-4f4e-a450-fc90863e5032,2024-08-12T12:14:02.667441,sapmachine-15+15,24695460,True,34509
6baca29f-7278-4c74-bd2a-94453592e1b5,2024-08-12T12:14:02.667441,sapmachine-14,24646923,False,39488
e674fa45-502a-4cca-a5b9-e35afd08f9dd,2024-08-12T12:14:02.667441,sapmachine-11.0.7+8,24656743,True,34599
ff078c55-e9b9-4790-acd8-babd08c37ea8,2024-08-12T12:14:02.667441,sapmachine-15+14,24569041,True,34589
e9bd84a7-49f7-4529-af6b-79cf05e598cd,2024-08-12T12:14:02.667441,sapmachine-11.0.7+7,24486071,True,34523
07c17762-adff-4a7d-b9c4-65eb62f88369,2024-08-12T12:14:02.667441,sapmachine-15+13,24277206,True,34534
5dc731b5-04b6-431a-933b-6577a6074152,2024-08-12T12:14:02.667441,sapmachine-11.0.7+6,24277222,True,32118
f1ca97cc-b7e4-426c-929d-11767b250a45,2024-08-12T12:14:02.667441,sapmachine-15+12,24193558,True,32752
eac5d4ad-b521-4120-ae83-6cf008530eb4,2024-08-12T12:14:02.667441,sapmachine-11.0.7+5,24193562,True,32066
91892b38-045a-4571-91b2-4f428c45a9ce,2024-08-12T12:14:02.667441,sapmachine-15+11,23984820,True,32398
d56299b0-06c6-49db-9f52-8a7152416953,2024-08-12T12:14:02.667441,sapmachine-11.0.7+4,23984837,True,34635
201350be-b6c2-413b-baf2-a9d19cd3af93,2024-08-12T12:14:02.667441,sapmachine-11.0.7+3,23751195,True,32662
a3ce263f-aa65-4dfe-af77-a200f034c790,2024-08-12T12:14:02.667441,sapmachine-15+10,23706461,True,32207
d37819cf-c06d-43ee-af35-8b7669040e78,2024-08-12T12:14:02.667441,sapmachine-11.0.6.0.1,23610957,False,52277
f040d4ac-871e-4c08-bb91-84fa4f2e14a3,2024-08-12T12:14:02.667441,sapmachine-15+9,23498989,True,34585
1b92ca77-5f3c-4fa5-8280-2ee86f9e17b3,2024-08-12T12:14:02.667441,sapmachine-14+36,23498983,True,30994
24d53047-9df1-4027-afc5-d69d39f33428,2024-08-12T12:14:02.667441,sapmachine-11.0.7+2,23498991,True,34545
14f6b1b6-8966-46d8-bb14-4819842cbc4f,2024-08-12T12:14:02.667441,sapmachine-15+8,23325661,True,24673
eb324589-21a6-4931-b659-dffddca1484a,2024-08-12T12:14:02.667441,sapmachine-14+34,23325659,True,34615
3768dba0-24ea-450a-a033-0b5186d18edb,2024-08-12T12:14:02.667441,sapmachine-11.0.7+1,23275507,True,34537
661386ce-6fba-4b06-a990-268c71fc703e,2024-08-12T12:14:02.667441,sapmachine-15+7,23120378,True,34620
e9a7f123-6b19-419e-a7e7-1610c38205db,2024-08-12T12:14:02.667441,sapmachine-14+33,23120389,True,30301
a7fdbfce-4d24-4502-ab52-684780505cfb,2024-08-12T12:14:02.667441,sapmachine-15+6,22943284,True,34740
c2aa1ff1-e4c2-4acb-ae83-e69d07c77227,2024-08-12T12:14:02.667441,sapmachine-14+32,22968961,True,31013
31b1c420-ce86-4db7-90a6-a1bdb298823c,2024-08-12T12:14:02.667441,sapmachine-13.0.2,22893880,False,67626
029c2949-9730-4e6c-9612-e87d2a9b04c3,2024-08-12T12:14:02.667441,sapmachine-13.0.2+8,22888778,True,41114
6e6ab194-308a-4c14-80e7-f7df8065df7b,2024-08-12T12:14:02.667441,sapmachine-11.0.6,22865328,False,56108
518568bf-b7c8-44f1-853a-3f3b9fdf5326,2024-08-12T12:14:02.667441,sapmachine-11.0.6+10,22855122,True,34706
369a7848-67de-4c5b-a5be-d7dac8d8ba70,2024-08-12T12:14:02.667441,sapmachine-15+5,22758778,True,3928
5e677ad9-a7f8-48b9-8851-aaec84e864bc,2024-08-12T12:14:02.667441,sapmachine-14+31,22758769,True,3944
bdeaa455-6040-43fd-a5e6-4842c2bb54aa,2024-08-12T12:14:02.667441,sapmachine-15+4,22590046,True,4100
ce19e24d-eb1f-4ab4-8c15-04835d8687b5,2024-08-12T12:14:02.667441,sapmachine-14+30,22590041,True,3984
5b52b9ed-bdd8-41f7-bfd7-e062595a5bf3,2024-08-12T12:14:02.667441,sapmachine-15+3,22525073,True,4009
31aa6df6-979b-41af-9945-c865ebc8abde,2024-08-12T12:14:02.667441,sapmachine-14+29,22525069,True,4093
c324e216-38c3-41d9-ba81-e5dd95c70742,2024-08-12T12:14:02.667441,sapmachine-13.0.2+2,22515388,True,4085
7815a20e-ec30-437a-9f82-629379efbd8a,2024-08-12T12:14:02.667441,sapmachine-11.0.6+9,22525081,True,4040
2fe01386-31eb-4221-a371-b5c10e4659a3,2024-08-12T12:14:02.667441,sapmachine-15+2,22392045,True,3918
74933cf2-242d-4477-b148-39ddd13dd8a3,2024-08-12T12:14:02.667441,sapmachine-14+28,22392019,True,3965
296d7064-25e8-4093-b5ae-9bd97c1c7e30,2024-08-12T12:14:02.667441,sapmachine-11.0.6+8,22392094,True,183060
af3adb42-c935-4aa1-883d-fc160d490ceb,2024-08-12T12:14:02.667441,sapmachine-15+1,22225895,True,3959
0a83f528-f4d0-42c9-ba09-e4a8b770a8b5,2024-08-12T12:14:02.667441,sapmachine-14+27,22225893,True,3926
7a7a259e-7c20-4ecc-b3e6-59b7b37f53a8,2024-08-12T12:14:02.667441,sapmachine-11.0.6+7,22164168,True,3976
ddd6b029-784c-48d6-b6e8-586826189b5c,2024-08-12T12:14:02.667441,sapmachine-14+26,22015431,True,3883
22f00a94-10d4-4d0d-bf50-03d04e17c242,2024-08-12T12:14:02.667441,sapmachine-11.0.6+6,22015445,True,3827
9b14f8f1-12cf-4b9c-8f42-47ee46588433,2024-08-12T12:14:02.667441,sapmachine-14+25,21939148,True,4094
82df38ea-46cc-4a8d-9fd0-f0efe121a58e,2024-08-12T12:14:02.667441,sapmachine-11.0.6+5,21925904,True,3939
7292996c-8648-4793-935c-0bdf18bd4984,2024-08-12T12:14:02.667441,sapmachine-14+24,21702454,True,3909
ac92dedd-707a-4146-b1ff-03678395f3c6,2024-08-12T12:14:02.667441,sapmachine-11.0.6+4,21702468,True,3635
256c53f1-cfb2-48bf-b1d4-0280860f4913,2024-08-12T12:14:02.667441,sapmachine-13.0.2+1,21622626,True,3654
a70968c2-92a0-4bf8-8f9e-d46aa73b5c44,2024-08-12T12:14:02.667441,sapmachine-14+23,21493828,True,3773
d1238cd5-2e07-4f69-867b-d4529e4ffc2b,2024-08-12T12:14:02.667441,sapmachine-11.0.6+3,21493842,True,3108
22229b37-170f-4455-b53a-fbb332f71a95,2024-08-12T12:14:02.667441,sapmachine-14+22,21307000,True,3684
d5deb319-e83d-4d73-a0d2-c25b03c5ab60,2024-08-12T12:14:02.667441,sapmachine-11.0.6+2,21307009,True,3659
808ea26e-1159-42ab-aeee-fa6e8c72930a,2024-08-12T12:14:02.667441,sapmachine-14+21,21209036,True,3649
ce8ee6d9-a6e7-4bca-8700-f6aa1998328d,2024-08-12T12:14:02.667441,sapmachine-11.0.6+1,21209075,True,3751
3810a3eb-187c-4bf0-ad35-ebb62544dffe,2024-08-12T12:14:02.667441,sapmachine-14+20,20994481,True,2782
4f690e61-e850-4c4b-bdc6-9d06601c7b19,2024-08-12T12:14:02.667441,sapmachine-13.0.1,20769204,False,9032
902c2f29-c14f-4c14-b51d-958affec5f1e,2024-08-12T12:14:02.667441,sapmachine-14+19,20792943,True,3600
6d5e8b4b-1467-4252-a87b-85c517122709,2024-08-12T12:14:02.667441,sapmachine-13.0.1+9,20766422,True,3650
b49bdc35-433c-4593-9de0-f6969ffe2f6d,2024-08-12T12:14:02.667441,sapmachine-11.0.5,20734889,False,138114
20047cea-53e6-457d-96e0-0e4904904a28,2024-08-12T12:14:02.667441,sapmachine-11.0.6+0,20733556,True,2620
49061485-c144-485c-aeac-c6ae1bfb1933,2024-08-12T12:14:02.667441,sapmachine-14+18,20628838,True,3643
fae90a57-0bc2-4bd8-af59-5436ddeefbd7,2024-08-12T12:14:02.667441,sapmachine-14+17,20488386,True,3705
053fd340-f845-47e6-966c-bcfad11fc799,2024-08-12T12:14:02.667441,sapmachine-14+16,20322838,True,3690
2d5deec6-9685-4c08-9721-0a237006caa9,2024-08-12T12:14:02.667441,sapmachine-11.0.5+9,20322867,True,3593
f2bea2d3-8446-4fc5-a3da-b27b9e3017ee,2024-08-12T12:14:02.667441,sapmachine-14+15,20153201,True,2819
29a4451c-1796-4cdc-8ef1-582ec49e948c,2024-08-12T12:14:02.667441,sapmachine-11.0.5+8,20126602,True,3773
4a543a78-a6de-4bab-89f5-889f05364d0f,2024-08-12T12:14:02.667441,sapmachine-14+14,20012905,True,3668
31d46091-5146-4c33-8a7f-15701524417c,2024-08-12T12:14:02.667441,sapmachine-11.0.5+7,20012990,True,3691
69dec22b-0709-46cf-94c4-b774f677c48a,2024-08-12T12:14:02.667441,sapmachine-14+13,19843747,True,3564
308d1351-c15e-41bf-b0f9-3ae8f78f5b5a,2024-08-12T12:14:02.667441,sapmachine-11.0.5+6,19843771,True,3753
59cbae9b-437b-43af-9d16-72d9c07ffd63,2024-08-12T12:14:02.667441,sapmachine-14+12,19640785,True,3056
c3ef668c-bdeb-407b-a82b-fb9bcfd6f85e,2024-08-12T12:14:02.667441,sapmachine-11.0.5+5,19640798,True,3704
96c1ee01-ee0c-45b3-87fc-5e30d7a08153,2024-08-12T12:14:02.667441,sapmachine-14+11,19516106,True,3033
d2d4ab77-6601-4895-a496-a7eec91c4fd7,2024-08-12T12:14:02.667441,sapmachine-11.0.5+4,19516116,True,3062
c49c012c-140d-4df6-8b72-b0ffd1cf0d76,2024-08-12T12:14:02.667441,sapmachine-14+10,19422620,True,1601
1ddf5e3b-8338-4ff1-bf40-acce9e3fc87a,2024-08-12T12:14:02.667441,sapmachine-11.0.5+3,19422652,True,2223
b4269855-8b6c-4a15-b119-4080fb674598,2024-08-12T12:14:02.667441,sapmachine-13,20069372,False,6753
c6823630-4f5d-4412-afdf-ffc4d2ddadf8,2024-08-12T12:14:02.667441,sapmachine-13+33,19542291,True,3030
fb32b046-a306-4652-8075-e5cde38cd062,2024-08-12T12:14:02.667441,sapmachine-14+9,19205268,True,2992
ef64d687-d3e7-4233-aa2d-b487fa37c2cf,2024-08-12T12:14:02.667441,sapmachine-11.0.5+2,19180848,True,3108
2ecb50a0-4e88-4ed6-a02f-4d2286579238,2024-08-12T12:14:02.667441,sapmachine-14+8,19054311,True,3182
a76ec1d0-93b9-4ed7-ab85-184438a5b78d,2024-08-12T12:14:02.667441,sapmachine-13+32,19054320,True,3027
5b357ba2-8dc1-4464-9203-2af60689688b,2024-08-12T12:14:02.667441,sapmachine-11.0.5+1,19054281,True,3082
8f837f89-558f-49d7-bc77-ed03e2911a28,2024-08-12T12:14:02.667441,sapmachine-14+7,18878463,True,3033
430e63ca-6837-43a8-b1ae-ddc7fd1f319b,2024-08-12T12:14:02.667441,sapmachine-13+31,18878466,True,3112
e92cfa2a-9c0f-47b7-893f-442ebcd5d894,2024-08-12T12:14:02.667441,sapmachine-14+6,18720890,True,3162
12e43f42-f71e-4eec-a834-93e72f595b36,2024-08-12T12:14:02.667441,sapmachine-13+30,18720904,True,3187
1242cd79-acc0-4eb2-9dae-2470db83050b,2024-08-12T12:14:02.667441,sapmachine-12.0.2,18677178,False,22610
0ccbc34a-372e-4cbd-9c7d-c84998598ed3,2024-08-12T12:14:02.667441,sapmachine-11.0.4,18662772,False,74911
898d3043-0d75-486f-b417-538eb2f04726,2024-08-12T12:14:02.667441,sapmachine-12.0.2+9,18697281,True,9495
c1cc8855-d873-4fa6-b909-18520bf785f9,2024-08-12T12:14:02.667441,sapmachine-11.0.4+11,18697210,True,3172
32e30a37-d2d9-483e-892f-d705e7469020,2024-08-12T12:14:02.667441,sapmachine-14+5,18568048,True,3064
1d3c10ec-4444-4ab7-8e35-113648ccd5b6,2024-08-12T12:14:02.667441,sapmachine-13+29,18568060,True,3045
c421dfc2-9435-4d01-91cd-ae42a4a01ebe,2024-08-12T12:14:02.667441,sapmachine-14+4,18425816,True,3047
4a742b0d-f7e1-4f93-afdd-51ee89ff0241,2024-08-12T12:14:02.667441,sapmachine-13+28,18425820,True,3207
662cd730-4e7a-4d08-83dd-70b1a1a7b274,2024-08-12T12:14:02.667441,sapmachine-11.0.4+10,18375670,True,3190
b7f5dc1d-8b0a-46d6-a527-bf555cc23f45,2024-08-12T12:14:02.667441,sapmachine-14+3,18346658,True,3094
278fcf00-bd51-4b99-81ee-fe9acf8707d8,2024-08-12T12:14:02.667441,sapmachine-13+27,18346655,True,3037
3890dc63-d889-43f9-8a19-2091d8c10fdd,2024-08-12T12:14:02.667441,sapmachine-11.0.4+9,18282425,True,2195
c6eeed95-ee1e-4c3f-ae97-91cc2300c803,2024-08-12T12:14:02.667441,sapmachine-14+2,18157229,True,3118
6440489d-0395-4891-90cc-d285d7de3ee6,2024-08-12T12:14:02.667441,sapmachine-13+26,18157232,True,3053
d489eb1f-1e9a-4015-9ded-54edb1a35c6c,2024-08-12T12:14:02.667441,sapmachine-11.0.4+8,18157225,True,2952
ac4d63db-56fb-4f00-b925-ae4409c8c8ca,2024-08-12T12:14:02.667441,sapmachine-14+1,18108227,True,3113
387bdeab-0679-4c06-a619-cabfb164aca3,2024-08-12T12:14:02.667441,sapmachine-13+25,18079733,True,3046
a00ab4bd-a45d-4e42-8f45-433cbf354dd1,2024-08-12T12:14:02.667441,sapmachine-11.0.4+7,18051108,True,2213
2ad0f2fb-a9c7-4bdd-b3a1-9b1144bf18f4,2024-08-12T12:14:02.667441,sapmachine-13+24,17864981,True,3084
8cf3260c-8392-470f-bd25-3a16154818ff,2024-08-12T12:14:02.667441,sapmachine-11.0.4+6,17841809,True,3142
c42e197a-306f-45bf-ba6b-88dc789ce8bc,2024-08-12T12:14:02.667441,sapmachine-13+23,17718966,True,2390
d9c7ca4c-088f-4a42-bedd-fd64855e9ec7,2024-08-12T12:14:02.667441,sapmachine-11.0.4+5,17718957,True,2216
e90ed634-57e6-4791-bd46-9ecca30bd1b1,2024-08-12T12:14:02.667441,sapmachine-13+22,17559310,True,2092
357103d4-fb56-4801-b549-a40b8e94c743,2024-08-12T12:14:02.667441,sapmachine-11.0.4+4,17559283,True,2219
4468cf48-89c6-4d1a-bc2e-f8b5d59735d0,2024-08-12T12:14:02.667441,sapmachine-13+21,17476495,True,3077
a85b4d54-8f08-4490-b663-c7e0ca72de18,2024-08-12T12:14:02.667441,sapmachine-11.0.4+3,17476486,True,3192
af2268be-a0a6-445b-a036-b2f8c36fc60c,2024-08-12T12:14:02.667441,sapmachine-13+20,17288611,True,3065
9cbf2898-bf2c-44eb-877c-b4d03ca8cce0,2024-08-12T12:14:02.667441,sapmachine-11.0.4+2,17265637,True,3100
2dbc48fd-535d-4f5e-b522-a69d3a91b4f7,2024-08-12T12:14:02.667441,sapmachine-13+19,17184004,True,3130
034ad443-d5de-4dac-bb9a-aac07c0c080c,2024-08-12T12:14:02.667441,sapmachine-11.0.4+1,17124651,True,3092
06fa12e8-3724-4dd0-848e-2197408f2a2d,2024-08-12T12:14:02.667441,sapmachine-13+18,16991034,True,3079
740217d2-3798-445c-97c1-230998b0e0b6,2024-08-12T12:14:02.667441,sapmachine-13+17,16862138,True,3057
eea3e1f1-95db-415c-9e6f-08893e833c73,2024-08-12T12:14:02.667441,sapmachine-12.0.1,16817523,False,199150
695a2f42-94dd-4544-a32f-57f42b1a1286,2024-08-12T12:14:02.667441,sapmachine-11.0.3,16817222,False,173777
e894ce2c-7484-433d-a360-79daf0fb4000,2024-08-12T12:14:02.667441,sapmachine-13+16,16716212,True,2855
dd898b82-8368-4c29-8042-1a775391f2ef,2024-08-12T12:14:02.667441,sapmachine-13+15,16570879,True,3167
16f254bb-0629-43cc-bb9d-d02e00e037b5,2024-08-12T12:14:02.667441,sapmachine-11.0.3+6,16544078,True,2852
2bf3c09c-397f-4895-8342-d8315e0ca441,2024-08-12T12:14:02.667441,sapmachine-13+14,16516851,True,2765
d8df4d6c-dd93-4bc2-ac8e-784b6147ed65,2024-08-12T12:14:02.667441,sapmachine-11.0.3+5,16449905,True,2743
f8541bc4-fe4f-49cc-8a8c-990dca429bed,2024-08-12T12:14:02.667441,sapmachine-13+13,16298419,True,2757
748e1d21-7a25-408a-8912-5b2122cf3462,2024-08-12T12:14:02.667441,sapmachine-11.0.3+4,16298488,True,2801
498c2e8b-ad91-4025-8eef-a68eaca59f91,2024-08-12T12:14:02.667441,sapmachine-13+12,16153342,True,2859
4c6f6f49-8d14-4707-b5c4-19a69d66e915,2024-08-12T12:14:02.667441,sapmachine-11.0.3+3,16150150,True,2897
da484651-5331-4e5b-8add-ebeb30ae9c13,2024-08-12T12:14:02.667441,sapmachine-13+11,15986215,True,2758
e63a503f-6467-4b0d-b98a-10c978a9865b,2024-08-12T12:14:02.667441,sapmachine-11.0.3+2,15986322,True,2806
03d2777e-e55a-4ea9-9a7e-0f7c8d414dd6,2024-08-12T12:14:02.667441,sapmachine-13+10,15875279,True,2777
ce5fbb79-2550-43e4-81a2-d8ac400f1fec,2024-08-12T12:14:02.667441,sapmachine-11.0.3+1,15839199,True,2817
1e4fceea-2a08-4b9f-8f68-6ca54e59cb33,2024-08-12T12:14:02.667441,sapmachine-12,16255922,False,5434
f50c50fc-9a9e-4c12-a608-18c8eced2368,2024-08-12T12:14:02.667441,sapmachine-13+9,15729220,True,2834
2ca58d5d-b89f-44e2-8394-1dac9894331e,2024-08-12T12:14:02.667441,sapmachine-12+33,15728238,True,2809
ae69098a-bf2e-4cf3-8762-1503a5e5dc13,2024-08-12T12:14:02.667441,sapmachine-13+8,15629404,True,2931
481e3a18-10cc-4c6c-bfd6-82291a9ee168,2024-08-12T12:14:02.667441,sapmachine-12+32,15629189,True,2736
3efeb31a-8709-4201-ad95-cb358dab0a46,2024-08-12T12:14:02.667441,sapmachine-13+7,15457801,True,2676
ff67fdc0-0df4-461e-a1b3-7efc3302bb19,2024-08-12T12:14:02.667441,sapmachine-12+31,15457580,True,2704
a65fedea-959f-4e64-ac40-307c9568ba80,2024-08-12T12:14:02.667441,sapmachine-13+6,15325590,True,2692
fffc55fe-5ee1-490e-8b1b-f7d3c61b1c8a,2024-08-12T12:14:02.667441,sapmachine-12+30,15325444,True,2818
f592e49d-6f34-4d5e-8ddf-287fecb69928,2024-08-12T12:14:02.667441,sapmachine-13+5,15191369,True,2229
c6bb0663-3427-4530-a433-f9ff079e4306,2024-08-12T12:14:02.667441,sapmachine-12+29,15191367,True,2757
4d23d2a7-9cbc-4fa4-93b3-303225055d14,2024-08-12T12:14:02.667441,sapmachine-13+4,15093593,True,2782
c6839429-9c41-4bc4-9a01-f29efe61d416,2024-08-12T12:14:02.667441,sapmachine-12+28,15093355,True,2849
ceed72f7-b5b8-4793-b565-b31d4cb7bfdf,2024-08-12T12:14:02.667441,sapmachine-11.0.2,15006958,False,1695844
2bbf74a5-d2c9-42cd-932f-8dc2e1f49768,2024-08-12T12:14:02.667441,sapmachine-13+3-0,14935749,True,2799
e60ef7ba-ee1f-44cb-ac44-3cb1ae61d913,2024-08-12T12:14:02.667441,sapmachine-12+27-0,14935708,True,2155
95dc8529-ea2a-443f-9706-879ebf497d86,2024-08-12T12:14:02.667441,sapmachine-13+2-0,14855757,True,1711
90d21a06-f24e-4990-a239-4d4c5f3c0882,2024-08-12T12:14:02.667441,sapmachine-12+26-0,14812082,True,2844
79215d0f-cd4c-48c7-8938-47be1ec4f55d,2024-08-12T12:14:02.667441,sapmachine-12+24-0,14625681,True,1655
1d1a286a-2017-432d-b601-e03fe5a73995,2024-08-12T12:14:02.667441,sapmachine-12+23-0,14441203,True,1641
c340f688-dd45-44dc-bdb0-001b5473d33a,2024-08-12T12:14:02.667441,sapmachine-12+22-0,14291863,True,1135
d745aa55-7e7f-40ff-b0bb-834e74d9ffb2,2024-08-12T12:14:02.667441,sapmachine-12+21-0,14194344,True,1598
59036475-28fe-4727-bc00-257de9ea502b,2024-08-12T12:14:02.667441,sapmachine-12+20-0,14053310,True,1689
94f090a0-bd19-4ff8-822c-4beef1277b04,2024-08-12T12:14:02.667441,sapmachine-12+18-0,13840316,True,1725
2cd25580-6d7c-49e4-b119-a4dd64a66982,2024-08-12T12:14:02.667441,sapmachine-12+17-0,13685837,True,2167
325c41d5-bce0-4790-852f-580dafb1ffe9,2024-08-12T12:14:02.667441,sapmachine-12+16-0,13591860,True,1685
f181439c-bad9-4cf6-82a3-5f06c8076e57,2024-08-12T12:14:02.667441,sapmachine-11.0.1+13-0,13485671,False,23249
d6482bea-dbc1-47f9-b21a-fe0b8d376396,2024-08-12T12:14:02.667441,sapmachine-12+15-0,13474523,True,2293
9fa0a900-f1f8-4ab7-b290-d32c0ae98518,2024-08-12T12:14:02.667441,sapmachine-12+13-0,13138493,True,2285
61a30065-e802-45ce-a323-b039d5e6d979,2024-08-12T12:14:02.667441,sapmachine-12+12-0,13067352,True,2192
e626495b-73ea-4209-ae81-db315b45e79a,2024-08-12T12:14:02.667441,sapmachine-12+11-0,12968163,True,2277
b9d8c5cd-8009-417a-93a0-20af89ee5308,2024-08-12T12:14:02.667441,sapmachine-11+28-1,13080152,False,141832
072672b6-4de3-4dc1-8465-5ff8c96f7151,2024-08-12T12:14:02.667441,sapmachine-12+10-0,12847047,True,2257
0d12826f-c396-4dda-9848-d225b14fecde,2024-08-12T12:14:02.667441,sapmachine-12+8-0,12551885,True,2364
0296a986-87ea-4e17-b972-5cb0b76dbc0c,2024-08-12T12:14:02.667441,sapmachine-11+28-0,12551914,True,2922
cb660eac-e8fe-44e4-9d65-a9b23772850b,2024-08-12T12:14:02.667441,sapmachine-12+7-0,12490029,True,2281
2cb117ce-1daa-494e-9451-8a2f42b77c11,2024-08-12T12:14:02.667441,sapmachine-11+27-0,12490048,True,2256
18f5761b-96e7-492c-aaa9-c6d416655e91,2024-08-12T12:14:02.667441,sapmachine-11+26-0,12424312,True,2257
b0d3b2f3-07a3-4185-a861-5bac70631841,2024-08-12T12:14:02.667441,sapmachine-12+6-0,12404704,True,2226
eb074489-e8db-4048-bdc2-a836e8d67d14,2024-08-12T12:14:02.667441,sapmachine-12+5-0,12251087,True,1732
ea7c7ac7-68a9-4ae5-9ac6-4c85f6abb881,2024-08-12T12:14:02.667441,sapmachine-11+25-0,12251089,True,2290
1dae3cf5-5289-40c3-beea-52ce73f6cca5,2024-08-12T12:14:02.667441,sapmachine-10.0.2+13-1,12226826,False,9212
f173e167-ec45-44aa-ae21-e5bcd2a0b8b8,2024-08-12T12:14:02.667441,sapmachine-12+4-0,12202397,True,1662
ff4ca4c4-269c-4ac2-b234-d23096d0ba5d,2024-08-12T12:14:02.667441,sapmachine-11+24-0,12183306,True,1656
023acbaa-b23b-4755-8782-8a6f7cf6e20b,2024-08-12T12:14:02.667441,sapmachine-12+3-0,12035082,True,1169
96f323e0-71a4-447c-9296-faeb80724bf7,2024-08-12T12:14:02.667441,sapmachine-11+23-0,12035098,True,1558
ec157cb3-6b41-41f8-bac6-d0f84e908fda,2024-08-12T12:14:02.667441,sapmachine-10.0.2+13-0,11988866,False,3552
04f5f1e6-65ea-49fc-ad96-45d3b7523aee,2024-08-12T12:14:02.667441,sapmachine-12+2-0,11983717,True,590
a29923fc-706d-4dc0-835f-11bed05e5a10,2024-08-12T12:14:02.667441,sapmachine-12+1-0,11818858,True,614
609ccaa8-9501-4fa1-8a3c-1862c99e8c83,2024-08-12T12:14:02.667441,sapmachine-11+21-1,11837331,True,588
b55c9a76-47dc-4d0c-b170-7170d56ac518,2024-08-12T12:14:02.667441,sapmachine-11+21-0,11801612,True,531
491e6860-9d8a-4c56-aee1-2bcbe692989c,2024-08-12T12:14:02.667441,sapmachine-11+19-0,11685076,True,534
a9941fae-b601-4f89-a99b-6d9007e36055,2024-08-12T12:14:02.667441,sapmachine-11+18-0,11511245,True,1143
f60ae0d6-f3e2-4ee2-b6bd-949fd0228183,2024-08-12T12:14:02.667441,sapmachine-11+16-0,11342689,True,558
a74e6f28-b4c7-493a-aedb-e85417a504c4,2024-08-12T12:14:02.667441,sapmachine-11+15-0,11171670,True,1110
19b341e6-55f9-493b-ba80-1625a14dbca5,2024-08-12T12:14:02.667441,sapmachine-11+14-0,11078724,True,1138
649ba620-db80-42bf-9b44-4f0627e77fc6,2024-08-12T12:14:02.667441,sapmachine-11+13-0,10989007,True,1126
18f28921-0f1b-420c-8de6-d3d5be8b7f89,2024-08-12T12:14:02.667441,sapmachine-11+12-0,10894497,True,1152
d88465a9-736a-4931-95f8-409dc9f4b40e,2024-08-12T12:14:02.667441,sapmachine-11+11-0,10826547,True,590
ac551240-0f84-43be-9d4e-73adb4394560,2024-08-12T12:14:02.667441,sapmachine-10.0.1+10-0,10693673,False,3007
58cb23ae-2fdd-46c4-af4c-95476f64b168,2024-08-12T12:14:02.667441,sapmachine-11+10-0,10670769,True,1160
f28cbe93-09de-4726-9980-e435cf727ba2,2024-08-12T12:14:02.667441,sapmachine-11+9-0,10545502,True,1177
f2af67b5-d5dc-42c6-aebd-8dad68335c32,2024-08-12T12:14:02.667441,sapmachine-11+8-0,10429194,True,1134
a3b0095d-2bc8-467e-b455-c9d3e2394109,2024-08-12T12:14:02.667441,sapmachine-11+7-0,10412487,True,534
d26d0abf-4ea0-45f1-b4ba-7924e8980783,2024-08-12T12:14:02.667441,sapmachine-11+6-0,10274365,True,1130
2a30156b-d9cf-4091-b589-cc274e1d9b56,2024-08-12T12:14:02.667441,sapmachine-10+46-2,10191046,False,35957
44148422-e468-4997-b7f3-b13af3b8b021,2024-08-12T12:14:02.667441,sapmachine-11+5-0,10255430,True,1108
2da40fe5-ea8c-4cb1-a55b-1cf386b2a362,2024-08-12T12:14:02.667441,sapmachine-10+46-1,10088610,True,3718
0c41f5a8-5931-4d75-8495-ed6893737cf2,2024-08-12T12:14:02.667441,sapmachine-10+46-0,10002867,True,1172
f0dbca77-68bb-458d-986c-e7fdaf4184ff,2024-08-12T12:14:02.667441,sapmachine-11+3-0,9915263,True,1079
6dd416dd-e5e0-4035-a01d-c9e286e2a1f5,2024-08-12T12:14:02.667441,sapmachine-10+45-0,9875083,True,1149
8ce9ce14-70f6-4885-bef3-8dbd8a30f128,2024-08-12T12:14:02.667441,sapmachine-11+2-0,9833764,True,1129
d0846d73-ce60-4df3-80a9-f7f5852df065,2024-08-12T12:14:02.667441,sapmachine-11+1-0,9791373,True,1144
0b5f1922-c80e-4ee7-8e47-f86ae8258215,2024-08-12T12:14:02.667441,sapmachine-10+44-0,9774002,True,1211
d818d0bd-ed05-4973-951b-36422e88a206,2024-08-12T12:14:02.667441,sapmachine-10+43-0,9634070,True,1188
a8b5cc77-7a0b-4a51-9dc3-4537e662b65c,2024-08-12T12:14:02.667441,sapmachine-10+42-0,9511179,True,1167
fc026401-b782-4b32-88c6-28936f7244f2,2024-08-12T12:14:02.667441,sapmachine-11+0-2,9429166,True,1217
7ee00f74-fe96-4350-9a17-e612f7815cd0,2024-08-12T12:14:02.667441,sapmachine-10+41-0,9431760,True,1236
2fcfe105-ca7f-48c2-a78c-014c63aa69c5,2024-08-12T12:14:02.667441,sapmachine-10+40-0,9381876,True,1195
d827af3e-dc9b-4162-b8b8-ab714db42dc8,2024-08-12T12:14:02.667441,sapmachine-11+0-1,9364845,True,519
87615775-be9b-4a22-919e-638fd120084f,2024-08-12T12:14:02.667441,sapmachine-10+39-1,9287514,True,1275
43b9694f-f529-4ae8-b76f-8e8717c28cc1,2024-08-12T12:14:02.667441,sapmachine-10+39,9249150,True,929
2edeecde-9a6f-46af-965c-181db9f0384c,2024-08-12T12:14:02.667441,sapmachine-10+37,9080496,True,201
201d1e42-1338-4ab5-889b-e367ca8714c5,2024-08-12T12:14:02.667441,sapmachine-10+36,8961780,True,165
dd2f8a84-d383-4b5b-bdfd-c229b9d66a06,2024-08-12T12:14:02.667441,sapmachine-10+35,8830583,True,117
